id_short,obra,n,archivo,inicio_s,zoom,desfase_s,frase_en_pantalla,yt_titulo,yt_descripcion,yt_etiquetas,yt_video_relacionado,tiktok_portada,tiktok_descripcion,estado,fecha_youtube,url_youtube,fecha_tiktok,url_tiktok
OBRA-001-S1,OBRA-001,1,short-1.mp4,90,1.0,0,to fall asleep,To fall asleep · 432 Hz · Ocean Waves,"Save this for tonight.
Full piece (3 h): Sleep Music · Ocean Waves · 432 Hz · Bottomless Night · 3 Hours

#sleepmusic #sleep #relaxingmusic #432hz #shorts","sleep music, deep sleep, 432 hz, ocean waves, Rin",,432 Hz · sleep,"Save this for tonight. Full 3 h piece on YouTube: Rin.
#sleepmusic #sleep #relaxingmusic #432hz #meditation",pendiente,,,,
OBRA-001-S2,OBRA-001,2,short-2.mp4,2761,1.15,9.6,let the day go quiet,Let the day go quiet · 432 Hz · Ocean Waves,"Lights off, volume low.
Full piece (3 h): Sleep Music · Ocean Waves · 432 Hz · Bottomless Night · 3 Hours

#sleepmusic #sleep #relaxingmusic #432hz #shorts","sleep music, deep sleep, 432 hz, ocean waves, Rin",,432 Hz · night,"Lights off, volume low. Full 3 h piece on YouTube: Rin.
#sleepmusic #sleep #relaxingmusic #432hz #meditation",pendiente,,,,
OBRA-001-S3,OBRA-001,3,short-3.mp4,5432,1.3,19.2,"lights off, breathe slower","Lights off, breathe slower · 432 Hz · Ocean Waves","Stay until your breathing slows.
Full piece (3 h): Sleep Music · Ocean Waves · 432 Hz · Bottomless Night · 3 Hours

#sleepmusic #sleep #relaxingmusic #432hz #shorts","sleep music, deep sleep, 432 hz, ocean waves, Rin",,432 Hz · rest,"Stay until your breathing slows. Full 3 h piece on YouTube: Rin.
#sleepmusic #sleep #relaxingmusic #432hz #meditation",pendiente,,,,
OBRA-001-S4,OBRA-001,4,short-4.mp4,8104,1.08,28.8,for the hour before sleep,For the hour before sleep · 432 Hz · Ocean Waves,"The quiet hour before sleep.
Full piece (3 h): Sleep Music · Ocean Waves · 432 Hz · Bottomless Night · 3 Hours

#sleepmusic #sleep #relaxingmusic #432hz #shorts","sleep music, deep sleep, 432 hz, ocean waves, Rin",,432 Hz · dark room,"The quiet hour before sleep. Full 3 h piece on YouTube: Rin.
#sleepmusic #sleep #relaxingmusic #432hz #meditation",pendiente,,,,
OBRA-001-S5,OBRA-001,5,short-5.mp4,10775,1.22,38.4,the house is asleep,The house is asleep · 432 Hz · Ocean Waves,"Send this to someone who can't sleep.
Full piece (3 h): Sleep Music · Ocean Waves · 432 Hz · Bottomless Night · 3 Hours

#sleepmusic #sleep #relaxingmusic #432hz #shorts","sleep music, deep sleep, 432 hz, ocean waves, Rin",,432 Hz · drift off,"Send this to someone who can't sleep. Full 3 h piece on YouTube: Rin.
#sleepmusic #sleep #relaxingmusic #432hz #meditation",pendiente,,,,
OBRA-002-S1,OBRA-002,1,short-1.mp4,90,1.0,0,to fall asleep,To fall asleep · 528 Hz · Ocean Waves,"Save this for tonight.
Full piece (2 h): Sleep Music · Ocean Waves · 528 Hz · Low Tide · 2 Hours

#sleepmusic #sleep #relaxingmusic #528hz #shorts","sleep music, deep sleep, 528 hz, ocean waves, Rin",,528 Hz · sleep,"Save this for tonight. Full 2 h piece on YouTube: Rin.
#sleepmusic #sleep #relaxingmusic #528hz #meditation",pendiente,,,,
OBRA-002-S2,OBRA-002,2,short-2.mp4,1861,1.15,9.6,let the day go quiet,Let the day go quiet · 528 Hz · Ocean Waves,"Lights off, volume low.
Full piece (2 h): Sleep Music · Ocean Waves · 528 Hz · Low Tide · 2 Hours

#sleepmusic #sleep #relaxingmusic #528hz #shorts","sleep music, deep sleep, 528 hz, ocean waves, Rin",,528 Hz · night,"Lights off, volume low. Full 2 h piece on YouTube: Rin.
#sleepmusic #sleep #relaxingmusic #528hz #meditation",pendiente,,,,
OBRA-002-S3,OBRA-002,3,short-3.mp4,3632,1.3,19.2,"lights off, breathe slower","Lights off, breathe slower · 528 Hz · Ocean Waves","Stay until your breathing slows.
Full piece (2 h): Sleep Music · Ocean Waves · 528 Hz · Low Tide · 2 Hours

#sleepmusic #sleep #relaxingmusic #528hz #shorts","sleep music, deep sleep, 528 hz, ocean waves, Rin",,528 Hz · rest,"Stay until your breathing slows. Full 2 h piece on YouTube: Rin.
#sleepmusic #sleep #relaxingmusic #528hz #meditation",pendiente,,,,
OBRA-002-S4,OBRA-002,4,short-4.mp4,5404,1.08,28.8,for the hour before sleep,For the hour before sleep · 528 Hz · Ocean Waves,"The quiet hour before sleep.
Full piece (2 h): Sleep Music · Ocean Waves · 528 Hz · Low Tide · 2 Hours

#sleepmusic #sleep #relaxingmusic #528hz #shorts","sleep music, deep sleep, 528 hz, ocean waves, Rin",,528 Hz · dark room,"The quiet hour before sleep. Full 2 h piece on YouTube: Rin.
#sleepmusic #sleep #relaxingmusic #528hz #meditation",pendiente,,,,
OBRA-002-S5,OBRA-002,5,short-5.mp4,7175,1.22,38.4,the house is asleep,The house is asleep · 528 Hz · Ocean Waves,"Send this to someone who can't sleep.
Full piece (2 h): Sleep Music · Ocean Waves · 528 Hz · Low Tide · 2 Hours

#sleepmusic #sleep #relaxingmusic #528hz #shorts","sleep music, deep sleep, 528 hz, ocean waves, Rin",,528 Hz · drift off,"Send this to someone who can't sleep. Full 2 h piece on YouTube: Rin.
#sleepmusic #sleep #relaxingmusic #528hz #meditation",pendiente,,,,
OBRA-003-S1,OBRA-003,1,short-1.mp4,90,1.0,0,to fall asleep,To fall asleep · 396 Hz · Ocean Waves,"Save this for tonight.
Full piece (2 h): Sleep Music · Ocean Waves · 396 Hz · Dark Room · 2 Hours

#sleepmusic #sleep #relaxingmusic #396hz #shorts","sleep music, deep sleep, 396 hz, ocean waves, Rin",,396 Hz · sleep,"Save this for tonight. Full 2 h piece on YouTube: Rin.
#sleepmusic #sleep #relaxingmusic #396hz #meditation",pendiente,,,,
OBRA-003-S2,OBRA-003,2,short-2.mp4,1861,1.15,9.6,let the day go quiet,Let the day go quiet · 396 Hz · Ocean Waves,"Lights off, volume low.
Full piece (2 h): Sleep Music · Ocean Waves · 396 Hz · Dark Room · 2 Hours

#sleepmusic #sleep #relaxingmusic #396hz #shorts","sleep music, deep sleep, 396 hz, ocean waves, Rin",,396 Hz · night,"Lights off, volume low. Full 2 h piece on YouTube: Rin.
#sleepmusic #sleep #relaxingmusic #396hz #meditation",pendiente,,,,
OBRA-003-S3,OBRA-003,3,short-3.mp4,3632,1.3,19.2,"lights off, breathe slower","Lights off, breathe slower · 396 Hz · Ocean Waves","Stay until your breathing slows.
Full piece (2 h): Sleep Music · Ocean Waves · 396 Hz · Dark Room · 2 Hours

#sleepmusic #sleep #relaxingmusic #396hz #shorts","sleep music, deep sleep, 396 hz, ocean waves, Rin",,396 Hz · rest,"Stay until your breathing slows. Full 2 h piece on YouTube: Rin.
#sleepmusic #sleep #relaxingmusic #396hz #meditation",pendiente,,,,
OBRA-003-S4,OBRA-003,4,short-4.mp4,5404,1.08,28.8,for the hour before sleep,For the hour before sleep · 396 Hz · Ocean Waves,"The quiet hour before sleep.
Full piece (2 h): Sleep Music · Ocean Waves · 396 Hz · Dark Room · 2 Hours

#sleepmusic #sleep #relaxingmusic #396hz #shorts","sleep music, deep sleep, 396 hz, ocean waves, Rin",,396 Hz · dark room,"The quiet hour before sleep. Full 2 h piece on YouTube: Rin.
#sleepmusic #sleep #relaxingmusic #396hz #meditation",pendiente,,,,
OBRA-003-S5,OBRA-003,5,short-5.mp4,7175,1.22,38.4,the house is asleep,The house is asleep · 396 Hz · Ocean Waves,"Send this to someone who can't sleep.
Full piece (2 h): Sleep Music · Ocean Waves · 396 Hz · Dark Room · 2 Hours

#sleepmusic #sleep #relaxingmusic #396hz #shorts","sleep music, deep sleep, 396 hz, ocean waves, Rin",,396 Hz · drift off,"Send this to someone who can't sleep. Full 2 h piece on YouTube: Rin.
#sleepmusic #sleep #relaxingmusic #396hz #meditation",pendiente,,,,
OBRA-004-S1,OBRA-004,1,short-1.mp4,90,1.0,0,to fall asleep,To fall asleep · 528 Hz · Ocean Waves,"Save this for tonight.
Full piece (3 h): Sleep Music · Ocean Waves · 528 Hz · No One Awake · 3 Hours

#sleepmusic #sleep #relaxingmusic #528hz #shorts","sleep music, deep sleep, 528 hz, ocean waves, Rin",,528 Hz · sleep,"Save this for tonight. Full 3 h piece on YouTube: Rin.
#sleepmusic #sleep #relaxingmusic #528hz #meditation",pendiente,,,,
OBRA-004-S2,OBRA-004,2,short-2.mp4,2761,1.15,9.6,let the day go quiet,Let the day go quiet · 528 Hz · Ocean Waves,"Lights off, volume low.
Full piece (3 h): Sleep Music · Ocean Waves · 528 Hz · No One Awake · 3 Hours

#sleepmusic #sleep #relaxingmusic #528hz #shorts","sleep music, deep sleep, 528 hz, ocean waves, Rin",,528 Hz · night,"Lights off, volume low. Full 3 h piece on YouTube: Rin.
#sleepmusic #sleep #relaxingmusic #528hz #meditation",pendiente,,,,
OBRA-004-S3,OBRA-004,3,short-3.mp4,5432,1.3,19.2,"lights off, breathe slower","Lights off, breathe slower · 528 Hz · Ocean Waves","Stay until your breathing slows.
Full piece (3 h): Sleep Music · Ocean Waves · 528 Hz · No One Awake · 3 Hours

#sleepmusic #sleep #relaxingmusic #528hz #shorts","sleep music, deep sleep, 528 hz, ocean waves, Rin",,528 Hz · rest,"Stay until your breathing slows. Full 3 h piece on YouTube: Rin.
#sleepmusic #sleep #relaxingmusic #528hz #meditation",pendiente,,,,
OBRA-004-S4,OBRA-004,4,short-4.mp4,8104,1.08,28.8,for the hour before sleep,For the hour before sleep · 528 Hz · Ocean Waves,"The quiet hour before sleep.
Full piece (3 h): Sleep Music · Ocean Waves · 528 Hz · No One Awake · 3 Hours

#sleepmusic #sleep #relaxingmusic #528hz #shorts","sleep music, deep sleep, 528 hz, ocean waves, Rin",,528 Hz · dark room,"The quiet hour before sleep. Full 3 h piece on YouTube: Rin.
#sleepmusic #sleep #relaxingmusic #528hz #meditation",pendiente,,,,
OBRA-004-S5,OBRA-004,5,short-5.mp4,10775,1.22,38.4,the house is asleep,The house is asleep · 528 Hz · Ocean Waves,"Send this to someone who can't sleep.
Full piece (3 h): Sleep Music · Ocean Waves · 528 Hz · No One Awake · 3 Hours

#sleepmusic #sleep #relaxingmusic #528hz #shorts","sleep music, deep sleep, 528 hz, ocean waves, Rin",,528 Hz · drift off,"Send this to someone who can't sleep. Full 3 h piece on YouTube: Rin.
#sleepmusic #sleep #relaxingmusic #528hz #meditation",pendiente,,,,
OBRA-005-S1,OBRA-005,1,short-1.mp4,90,1.0,0,to fall asleep,To fall asleep · 432 Hz · Ocean Waves,"Save this for tonight.
Full piece (2 h): Sleep Music · Ocean Waves · 432 Hz · Winter Breath · 2 Hours

#sleepmusic #sleep #relaxingmusic #432hz #shorts","sleep music, deep sleep, 432 hz, ocean waves, Rin",,432 Hz · sleep,"Save this for tonight. Full 2 h piece on YouTube: Rin.
#sleepmusic #sleep #relaxingmusic #432hz #meditation",pendiente,,,,
OBRA-005-S2,OBRA-005,2,short-2.mp4,1861,1.15,9.6,let the day go quiet,Let the day go quiet · 432 Hz · Ocean Waves,"Lights off, volume low.
Full piece (2 h): Sleep Music · Ocean Waves · 432 Hz · Winter Breath · 2 Hours

#sleepmusic #sleep #relaxingmusic #432hz #shorts","sleep music, deep sleep, 432 hz, ocean waves, Rin",,432 Hz · night,"Lights off, volume low. Full 2 h piece on YouTube: Rin.
#sleepmusic #sleep #relaxingmusic #432hz #meditation",pendiente,,,,
OBRA-005-S3,OBRA-005,3,short-3.mp4,3632,1.3,19.2,"lights off, breathe slower","Lights off, breathe slower · 432 Hz · Ocean Waves","Stay until your breathing slows.
Full piece (2 h): Sleep Music · Ocean Waves · 432 Hz · Winter Breath · 2 Hours

#sleepmusic #sleep #relaxingmusic #432hz #shorts","sleep music, deep sleep, 432 hz, ocean waves, Rin",,432 Hz · rest,"Stay until your breathing slows. Full 2 h piece on YouTube: Rin.
#sleepmusic #sleep #relaxingmusic #432hz #meditation",pendiente,,,,
OBRA-005-S4,OBRA-005,4,short-4.mp4,5404,1.08,28.8,for the hour before sleep,For the hour before sleep · 432 Hz · Ocean Waves,"The quiet hour before sleep.
Full piece (2 h): Sleep Music · Ocean Waves · 432 Hz · Winter Breath · 2 Hours

#sleepmusic #sleep #relaxingmusic #432hz #shorts","sleep music, deep sleep, 432 hz, ocean waves, Rin",,432 Hz · dark room,"The quiet hour before sleep. Full 2 h piece on YouTube: Rin.
#sleepmusic #sleep #relaxingmusic #432hz #meditation",pendiente,,,,
OBRA-005-S5,OBRA-005,5,short-5.mp4,7175,1.22,38.4,the house is asleep,The house is asleep · 432 Hz · Ocean Waves,"Send this to someone who can't sleep.
Full piece (2 h): Sleep Music · Ocean Waves · 432 Hz · Winter Breath · 2 Hours

#sleepmusic #sleep #relaxingmusic #432hz #shorts","sleep music, deep sleep, 432 hz, ocean waves, Rin",,432 Hz · drift off,"Send this to someone who can't sleep. Full 2 h piece on YouTube: Rin.
#sleepmusic #sleep #relaxingmusic #432hz #meditation",pendiente,,,,
OBRA-006-S1,OBRA-006,1,short-1.mp4,90,1.0,0,to fall asleep,To fall asleep · 417 Hz · Ocean Waves,"Save this for tonight.
Full piece (90 min): Sleep Music · Ocean Waves · 417 Hz · Before Dawn · 90 Minutes

#sleepmusic #sleep #relaxingmusic #417hz #shorts","sleep music, deep sleep, 417 hz, ocean waves, Rin",,417 Hz · sleep,"Save this for tonight. Full 90 min piece on YouTube: Rin.
#sleepmusic #sleep #relaxingmusic #417hz #meditation",pendiente,,,,
OBRA-006-S2,OBRA-006,2,short-2.mp4,1411,1.15,9.6,let the day go quiet,Let the day go quiet · 417 Hz · Ocean Waves,"Lights off, volume low.
Full piece (90 min): Sleep Music · Ocean Waves · 417 Hz · Before Dawn · 90 Minutes

#sleepmusic #sleep #relaxingmusic #417hz #shorts","sleep music, deep sleep, 417 hz, ocean waves, Rin",,417 Hz · night,"Lights off, volume low. Full 90 min piece on YouTube: Rin.
#sleepmusic #sleep #relaxingmusic #417hz #meditation",pendiente,,,,
OBRA-006-S3,OBRA-006,3,short-3.mp4,2732,1.3,19.2,"lights off, breathe slower","Lights off, breathe slower · 417 Hz · Ocean Waves","Stay until your breathing slows.
Full piece (90 min): Sleep Music · Ocean Waves · 417 Hz · Before Dawn · 90 Minutes

#sleepmusic #sleep #relaxingmusic #417hz #shorts","sleep music, deep sleep, 417 hz, ocean waves, Rin",,417 Hz · rest,"Stay until your breathing slows. Full 90 min piece on YouTube: Rin.
#sleepmusic #sleep #relaxingmusic #417hz #meditation",pendiente,,,,
OBRA-006-S4,OBRA-006,4,short-4.mp4,4054,1.08,28.8,for the hour before sleep,For the hour before sleep · 417 Hz · Ocean Waves,"The quiet hour before sleep.
Full piece (90 min): Sleep Music · Ocean Waves · 417 Hz · Before Dawn · 90 Minutes

#sleepmusic #sleep #relaxingmusic #417hz #shorts","sleep music, deep sleep, 417 hz, ocean waves, Rin",,417 Hz · dark room,"The quiet hour before sleep. Full 90 min piece on YouTube: Rin.
#sleepmusic #sleep #relaxingmusic #417hz #meditation",pendiente,,,,
OBRA-006-S5,OBRA-006,5,short-5.mp4,5375,1.22,38.4,the house is asleep,The house is asleep · 417 Hz · Ocean Waves,"Send this to someone who can't sleep.
Full piece (90 min): Sleep Music · Ocean Waves · 417 Hz · Before Dawn · 90 Minutes

#sleepmusic #sleep #relaxingmusic #417hz #shorts","sleep music, deep sleep, 417 hz, ocean waves, Rin",,417 Hz · drift off,"Send this to someone who can't sleep. Full 90 min piece on YouTube: Rin.
#sleepmusic #sleep #relaxingmusic #417hz #meditation",pendiente,,,,
OBRA-007-S1,OBRA-007,1,short-1.mp4,90,1.0,0,to fall asleep,To fall asleep · 396 Hz · Ocean Waves,"Save this for tonight.
Full piece (2 h): Sleep Music · Ocean Waves · 396 Hz · Slow Weight · 2 Hours

#sleepmusic #sleep #relaxingmusic #396hz #shorts","sleep music, deep sleep, 396 hz, ocean waves, Rin",,396 Hz · sleep,"Save this for tonight. Full 2 h piece on YouTube: Rin.
#sleepmusic #sleep #relaxingmusic #396hz #meditation",pendiente,,,,
OBRA-007-S2,OBRA-007,2,short-2.mp4,1861,1.15,9.6,let the day go quiet,Let the day go quiet · 396 Hz · Ocean Waves,"Lights off, volume low.
Full piece (2 h): Sleep Music · Ocean Waves · 396 Hz · Slow Weight · 2 Hours

#sleepmusic #sleep #relaxingmusic #396hz #shorts","sleep music, deep sleep, 396 hz, ocean waves, Rin",,396 Hz · night,"Lights off, volume low. Full 2 h piece on YouTube: Rin.
#sleepmusic #sleep #relaxingmusic #396hz #meditation",pendiente,,,,
OBRA-007-S3,OBRA-007,3,short-3.mp4,3632,1.3,19.2,"lights off, breathe slower","Lights off, breathe slower · 396 Hz · Ocean Waves","Stay until your breathing slows.
Full piece (2 h): Sleep Music · Ocean Waves · 396 Hz · Slow Weight · 2 Hours

#sleepmusic #sleep #relaxingmusic #396hz #shorts","sleep music, deep sleep, 396 hz, ocean waves, Rin",,396 Hz · rest,"Stay until your breathing slows. Full 2 h piece on YouTube: Rin.
#sleepmusic #sleep #relaxingmusic #396hz #meditation",pendiente,,,,
OBRA-007-S4,OBRA-007,4,short-4.mp4,5404,1.08,28.8,for the hour before sleep,For the hour before sleep · 396 Hz · Ocean Waves,"The quiet hour before sleep.
Full piece (2 h): Sleep Music · Ocean Waves · 396 Hz · Slow Weight · 2 Hours

#sleepmusic #sleep #relaxingmusic #396hz #shorts","sleep music, deep sleep, 396 hz, ocean waves, Rin",,396 Hz · dark room,"The quiet hour before sleep. Full 2 h piece on YouTube: Rin.
#sleepmusic #sleep #relaxingmusic #396hz #meditation",pendiente,,,,
OBRA-007-S5,OBRA-007,5,short-5.mp4,7175,1.22,38.4,the house is asleep,The house is asleep · 396 Hz · Ocean Waves,"Send this to someone who can't sleep.
Full piece (2 h): Sleep Music · Ocean Waves · 396 Hz · Slow Weight · 2 Hours

#sleepmusic #sleep #relaxingmusic #396hz #shorts","sleep music, deep sleep, 396 hz, ocean waves, Rin",,396 Hz · drift off,"Send this to someone who can't sleep. Full 2 h piece on YouTube: Rin.
#sleepmusic #sleep #relaxingmusic #396hz #meditation",pendiente,,,,
OBRA-008-S1,OBRA-008,1,short-1.mp4,90,1.0,0,to fall asleep,To fall asleep · 432 Hz · Ocean Waves,"Save this for tonight.
Full piece (3 h): Sleep Music · Ocean Waves · 432 Hz · The Sleeping House · 3 Hours

#sleepmusic #sleep #relaxingmusic #432hz #shorts","sleep music, deep sleep, 432 hz, ocean waves, Rin",,432 Hz · sleep,"Save this for tonight. Full 3 h piece on YouTube: Rin.
#sleepmusic #sleep #relaxingmusic #432hz #meditation",pendiente,,,,
OBRA-008-S2,OBRA-008,2,short-2.mp4,2761,1.15,9.6,let the day go quiet,Let the day go quiet · 432 Hz · Ocean Waves,"Lights off, volume low.
Full piece (3 h): Sleep Music · Ocean Waves · 432 Hz · The Sleeping House · 3 Hours

#sleepmusic #sleep #relaxingmusic #432hz #shorts","sleep music, deep sleep, 432 hz, ocean waves, Rin",,432 Hz · night,"Lights off, volume low. Full 3 h piece on YouTube: Rin.
#sleepmusic #sleep #relaxingmusic #432hz #meditation",pendiente,,,,
OBRA-008-S3,OBRA-008,3,short-3.mp4,5432,1.3,19.2,"lights off, breathe slower","Lights off, breathe slower · 432 Hz · Ocean Waves","Stay until your breathing slows.
Full piece (3 h): Sleep Music · Ocean Waves · 432 Hz · The Sleeping House · 3 Hours

#sleepmusic #sleep #relaxingmusic #432hz #shorts","sleep music, deep sleep, 432 hz, ocean waves, Rin",,432 Hz · rest,"Stay until your breathing slows. Full 3 h piece on YouTube: Rin.
#sleepmusic #sleep #relaxingmusic #432hz #meditation",pendiente,,,,
OBRA-008-S4,OBRA-008,4,short-4.mp4,8104,1.08,28.8,for the hour before sleep,For the hour before sleep · 432 Hz · Ocean Waves,"The quiet hour before sleep.
Full piece (3 h): Sleep Music · Ocean Waves · 432 Hz · The Sleeping House · 3 Hours

#sleepmusic #sleep #relaxingmusic #432hz #shorts","sleep music, deep sleep, 432 hz, ocean waves, Rin",,432 Hz · dark room,"The quiet hour before sleep. Full 3 h piece on YouTube: Rin.
#sleepmusic #sleep #relaxingmusic #432hz #meditation",pendiente,,,,
OBRA-008-S5,OBRA-008,5,short-5.mp4,10775,1.22,38.4,the house is asleep,The house is asleep · 432 Hz · Ocean Waves,"Send this to someone who can't sleep.
Full piece (3 h): Sleep Music · Ocean Waves · 432 Hz · The Sleeping House · 3 Hours

#sleepmusic #sleep #relaxingmusic #432hz #shorts","sleep music, deep sleep, 432 hz, ocean waves, Rin",,432 Hz · drift off,"Send this to someone who can't sleep. Full 3 h piece on YouTube: Rin.
#sleepmusic #sleep #relaxingmusic #432hz #meditation",pendiente,,,,
OBRA-009-S1,OBRA-009,1,short-1.mp4,90,1.0,0,for when your mind won't stop,For when your mind won't stop · 396 Hz · Ocean and Birds,"Save this for the next hard moment.
Full piece (25 min): Music for Anxiety · Ocean and Birds · 396 Hz · Just Exhale · 25 Minutes

#anxietyrelief #calm #relaxingmusic #396hz #shorts","anxiety relief, calming music, 396 hz, ocean and birds, Rin",,396 Hz · calm,"Save this for the next hard moment. Full 25 min piece on YouTube: Rin.
#anxietyrelief #calm #relaxingmusic #396hz #meditation",pendiente,,,,
OBRA-009-S2,OBRA-009,2,short-2.mp4,436,1.15,9.6,breathe out longer than you breathe in,Breathe out longer than you breathe in · 396 Hz · Ocean and Birds,"Headphones on. Exhale slowly.
Full piece (25 min): Music for Anxiety · Ocean and Birds · 396 Hz · Just Exhale · 25 Minutes

#anxietyrelief #calm #relaxingmusic #396hz #shorts","anxiety relief, calming music, 396 hz, ocean and birds, Rin",,396 Hz · exhale,"Headphones on. Exhale slowly. Full 25 min piece on YouTube: Rin.
#anxietyrelief #calm #relaxingmusic #396hz #meditation",pendiente,,,,
OBRA-009-S3,OBRA-009,3,short-3.mp4,782,1.3,19.2,"a pause, just for you","A pause, just for you · 396 Hz · Ocean and Birds","Stay for one full breath.
Full piece (25 min): Music for Anxiety · Ocean and Birds · 396 Hz · Just Exhale · 25 Minutes

#anxietyrelief #calm #relaxingmusic #396hz #shorts","anxiety relief, calming music, 396 hz, ocean and birds, Rin",,396 Hz · pause,"Stay for one full breath. Full 25 min piece on YouTube: Rin.
#anxietyrelief #calm #relaxingmusic #396hz #meditation",pendiente,,,,
OBRA-009-S4,OBRA-009,4,short-4.mp4,1129,1.08,28.8,"slow down, one breath at a time","Slow down, one breath at a time · 396 Hz · Ocean and Birds","A small pause in the middle of the day.
Full piece (25 min): Music for Anxiety · Ocean and Birds · 396 Hz · Just Exhale · 25 Minutes

#anxietyrelief #calm #relaxingmusic #396hz #shorts","anxiety relief, calming music, 396 hz, ocean and birds, Rin",,396 Hz · breathe,"A small pause in the middle of the day. Full 25 min piece on YouTube: Rin.
#anxietyrelief #calm #relaxingmusic #396hz #meditation",pendiente,,,,
OBRA-009-S5,OBRA-009,5,short-5.mp4,1475,1.22,38.4,before you begin,Before you begin · 396 Hz · Ocean and Birds,"Send this to someone who needs a pause.
Full piece (25 min): Music for Anxiety · Ocean and Birds · 396 Hz · Just Exhale · 25 Minutes

#anxietyrelief #calm #relaxingmusic #396hz #shorts","anxiety relief, calming music, 396 hz, ocean and birds, Rin",,396 Hz · slow down,"Send this to someone who needs a pause. Full 25 min piece on YouTube: Rin.
#anxietyrelief #calm #relaxingmusic #396hz #meditation",pendiente,,,,
OBRA-010-S1,OBRA-010,1,short-1.mp4,90,1.0,0,for when your mind won't stop,For when your mind won't stop · 432 Hz · Zen Temple,"Save this for the next hard moment.
Full piece (30 min): Music for Anxiety · Zen Temple · 432 Hz · Slowing Down · 30 Minutes

#anxietyrelief #calm #relaxingmusic #432hz #shorts","anxiety relief, calming music, 432 hz, zen temple, Rin",,432 Hz · calm,"Save this for the next hard moment. Full 30 min piece on YouTube: Rin.
#anxietyrelief #calm #relaxingmusic #432hz #meditation",pendiente,,,,
OBRA-010-S2,OBRA-010,2,short-2.mp4,511,1.15,9.6,breathe out longer than you breathe in,Breathe out longer than you breathe in · 432 Hz · Zen Temple,"Headphones on. Exhale slowly.
Full piece (30 min): Music for Anxiety · Zen Temple · 432 Hz · Slowing Down · 30 Minutes

#anxietyrelief #calm #relaxingmusic #432hz #shorts","anxiety relief, calming music, 432 hz, zen temple, Rin",,432 Hz · exhale,"Headphones on. Exhale slowly. Full 30 min piece on YouTube: Rin.
#anxietyrelief #calm #relaxingmusic #432hz #meditation",pendiente,,,,
OBRA-010-S3,OBRA-010,3,short-3.mp4,932,1.3,19.2,"a pause, just for you","A pause, just for you · 432 Hz · Zen Temple","Stay for one full breath.
Full piece (30 min): Music for Anxiety · Zen Temple · 432 Hz · Slowing Down · 30 Minutes

#anxietyrelief #calm #relaxingmusic #432hz #shorts","anxiety relief, calming music, 432 hz, zen temple, Rin",,432 Hz · pause,"Stay for one full breath. Full 30 min piece on YouTube: Rin.
#anxietyrelief #calm #relaxingmusic #432hz #meditation",pendiente,,,,
OBRA-010-S4,OBRA-010,4,short-4.mp4,1354,1.08,28.8,"slow down, one breath at a time","Slow down, one breath at a time · 432 Hz · Zen Temple","A small pause in the middle of the day.
Full piece (30 min): Music for Anxiety · Zen Temple · 432 Hz · Slowing Down · 30 Minutes

#anxietyrelief #calm #relaxingmusic #432hz #shorts","anxiety relief, calming music, 432 hz, zen temple, Rin",,432 Hz · breathe,"A small pause in the middle of the day. Full 30 min piece on YouTube: Rin.
#anxietyrelief #calm #relaxingmusic #432hz #meditation",pendiente,,,,
OBRA-010-S5,OBRA-010,5,short-5.mp4,1775,1.22,38.4,before you begin,Before you begin · 432 Hz · Zen Temple,"Send this to someone who needs a pause.
Full piece (30 min): Music for Anxiety · Zen Temple · 432 Hz · Slowing Down · 30 Minutes

#anxietyrelief #calm #relaxingmusic #432hz #shorts","anxiety relief, calming music, 432 hz, zen temple, Rin",,432 Hz · slow down,"Send this to someone who needs a pause. Full 30 min piece on YouTube: Rin.
#anxietyrelief #calm #relaxingmusic #432hz #meditation",pendiente,,,,
OBRA-011-S1,OBRA-011,1,short-1.mp4,90,1.0,0,for when your mind won't stop,For when your mind won't stop · 528 Hz · Ocean and Birds,"Save this for the next hard moment.
Full piece (20 min): Music for Anxiety · Ocean and Birds · 528 Hz · Four and Six · 20 Minutes

#anxietyrelief #calm #relaxingmusic #528hz #shorts","anxiety relief, calming music, 528 hz, ocean and birds, Rin",,528 Hz · calm,"Save this for the next hard moment. Full 20 min piece on YouTube: Rin.
#anxietyrelief #calm #relaxingmusic #528hz #meditation",pendiente,,,,
OBRA-011-S2,OBRA-011,2,short-2.mp4,361,1.15,9.6,breathe out longer than you breathe in,Breathe out longer than you breathe in · 528 Hz · Ocean and Birds,"Headphones on. Exhale slowly.
Full piece (20 min): Music for Anxiety · Ocean and Birds · 528 Hz · Four and Six · 20 Minutes

#anxietyrelief #calm #relaxingmusic #528hz #shorts","anxiety relief, calming music, 528 hz, ocean and birds, Rin",,528 Hz · exhale,"Headphones on. Exhale slowly. Full 20 min piece on YouTube: Rin.
#anxietyrelief #calm #relaxingmusic #528hz #meditation",pendiente,,,,
OBRA-011-S3,OBRA-011,3,short-3.mp4,632,1.3,19.2,"a pause, just for you","A pause, just for you · 528 Hz · Ocean and Birds","Stay for one full breath.
Full piece (20 min): Music for Anxiety · Ocean and Birds · 528 Hz · Four and Six · 20 Minutes

#anxietyrelief #calm #relaxingmusic #528hz #shorts","anxiety relief, calming music, 528 hz, ocean and birds, Rin",,528 Hz · pause,"Stay for one full breath. Full 20 min piece on YouTube: Rin.
#anxietyrelief #calm #relaxingmusic #528hz #meditation",pendiente,,,,
OBRA-011-S4,OBRA-011,4,short-4.mp4,904,1.08,28.8,"slow down, one breath at a time","Slow down, one breath at a time · 528 Hz · Ocean and Birds","A small pause in the middle of the day.
Full piece (20 min): Music for Anxiety · Ocean and Birds · 528 Hz · Four and Six · 20 Minutes

#anxietyrelief #calm #relaxingmusic #528hz #shorts","anxiety relief, calming music, 528 hz, ocean and birds, Rin",,528 Hz · breathe,"A small pause in the middle of the day. Full 20 min piece on YouTube: Rin.
#anxietyrelief #calm #relaxingmusic #528hz #meditation",pendiente,,,,
OBRA-011-S5,OBRA-011,5,short-5.mp4,1175,1.22,38.4,before you begin,Before you begin · 528 Hz · Ocean and Birds,"Send this to someone who needs a pause.
Full piece (20 min): Music for Anxiety · Ocean and Birds · 528 Hz · Four and Six · 20 Minutes

#anxietyrelief #calm #relaxingmusic #528hz #shorts","anxiety relief, calming music, 528 hz, ocean and birds, Rin",,528 Hz · slow down,"Send this to someone who needs a pause. Full 20 min piece on YouTube: Rin.
#anxietyrelief #calm #relaxingmusic #528hz #meditation",pendiente,,,,
OBRA-012-S1,OBRA-012,1,short-1.mp4,90,1.0,0,for when your mind won't stop,For when your mind won't stop · 528 Hz · Zen Temple,"Save this for the next hard moment.
Full piece (10 min): Music for Anxiety · Zen Temple · 528 Hz · A Brief Pause · 10 Minutes
https://youtu.be/-ywSggvwt2E

#anxietyrelief #calm #relaxingmusic #528hz #shorts","anxiety relief, calming music, 528 hz, zen temple, Rin",https://youtu.be/-ywSggvwt2E,528 Hz · calm,"Save this for the next hard moment. Full 10 min piece on YouTube: Rin.
#anxietyrelief #calm #relaxingmusic #528hz #meditation",pendiente,,,,
OBRA-012-S2,OBRA-012,2,short-2.mp4,211,1.15,9.6,breathe out longer than you breathe in,Breathe out longer than you breathe in · 528 Hz · Zen Temple,"Headphones on. Exhale slowly.
Full piece (10 min): Music for Anxiety · Zen Temple · 528 Hz · A Brief Pause · 10 Minutes
https://youtu.be/-ywSggvwt2E

#anxietyrelief #calm #relaxingmusic #528hz #shorts","anxiety relief, calming music, 528 hz, zen temple, Rin",https://youtu.be/-ywSggvwt2E,528 Hz · exhale,"Headphones on. Exhale slowly. Full 10 min piece on YouTube: Rin.
#anxietyrelief #calm #relaxingmusic #528hz #meditation",pendiente,,,,
OBRA-012-S3,OBRA-012,3,short-3.mp4,332,1.3,19.2,"a pause, just for you","A pause, just for you · 528 Hz · Zen Temple","Stay for one full breath.
Full piece (10 min): Music for Anxiety · Zen Temple · 528 Hz · A Brief Pause · 10 Minutes
https://youtu.be/-ywSggvwt2E

#anxietyrelief #calm #relaxingmusic #528hz #shorts","anxiety relief, calming music, 528 hz, zen temple, Rin",https://youtu.be/-ywSggvwt2E,528 Hz · pause,"Stay for one full breath. Full 10 min piece on YouTube: Rin.
#anxietyrelief #calm #relaxingmusic #528hz #meditation",pendiente,,,,
OBRA-012-S4,OBRA-012,4,short-4.mp4,454,1.08,28.8,"slow down, one breath at a time","Slow down, one breath at a time · 528 Hz · Zen Temple","A small pause in the middle of the day.
Full piece (10 min): Music for Anxiety · Zen Temple · 528 Hz · A Brief Pause · 10 Minutes
https://youtu.be/-ywSggvwt2E

#anxietyrelief #calm #relaxingmusic #528hz #shorts","anxiety relief, calming music, 528 hz, zen temple, Rin",https://youtu.be/-ywSggvwt2E,528 Hz · breathe,"A small pause in the middle of the day. Full 10 min piece on YouTube: Rin.
#anxietyrelief #calm #relaxingmusic #528hz #meditation",pendiente,,,,
OBRA-012-S5,OBRA-012,5,short-5.mp4,575,1.22,38.4,before you begin,Before you begin · 528 Hz · Zen Temple,"Send this to someone who needs a pause.
Full piece (10 min): Music for Anxiety · Zen Temple · 528 Hz · A Brief Pause · 10 Minutes
https://youtu.be/-ywSggvwt2E

#anxietyrelief #calm #relaxingmusic #528hz #shorts","anxiety relief, calming music, 528 hz, zen temple, Rin",https://youtu.be/-ywSggvwt2E,528 Hz · slow down,"Send this to someone who needs a pause. Full 10 min piece on YouTube: Rin.
#anxietyrelief #calm #relaxingmusic #528hz #meditation",pendiente,,,,
OBRA-013-S1,OBRA-013,1,short-1.mp4,90,1.0,0,for when your mind won't stop,For when your mind won't stop · 432 Hz · Ocean and Birds,"Save this for the next hard moment.
Full piece (20 min): Music for Anxiety · Ocean and Birds · 432 Hz · Count to Six · 20 Minutes

#anxietyrelief #calm #relaxingmusic #432hz #shorts","anxiety relief, calming music, 432 hz, ocean and birds, Rin",,432 Hz · calm,"Save this for the next hard moment. Full 20 min piece on YouTube: Rin.
#anxietyrelief #calm #relaxingmusic #432hz #meditation",pendiente,,,,
OBRA-013-S2,OBRA-013,2,short-2.mp4,361,1.15,9.6,breathe out longer than you breathe in,Breathe out longer than you breathe in · 432 Hz · Ocean and Birds,"Headphones on. Exhale slowly.
Full piece (20 min): Music for Anxiety · Ocean and Birds · 432 Hz · Count to Six · 20 Minutes

#anxietyrelief #calm #relaxingmusic #432hz #shorts","anxiety relief, calming music, 432 hz, ocean and birds, Rin",,432 Hz · exhale,"Headphones on. Exhale slowly. Full 20 min piece on YouTube: Rin.
#anxietyrelief #calm #relaxingmusic #432hz #meditation",pendiente,,,,
OBRA-013-S3,OBRA-013,3,short-3.mp4,632,1.3,19.2,"a pause, just for you","A pause, just for you · 432 Hz · Ocean and Birds","Stay for one full breath.
Full piece (20 min): Music for Anxiety · Ocean and Birds · 432 Hz · Count to Six · 20 Minutes

#anxietyrelief #calm #relaxingmusic #432hz #shorts","anxiety relief, calming music, 432 hz, ocean and birds, Rin",,432 Hz · pause,"Stay for one full breath. Full 20 min piece on YouTube: Rin.
#anxietyrelief #calm #relaxingmusic #432hz #meditation",pendiente,,,,
OBRA-013-S4,OBRA-013,4,short-4.mp4,904,1.08,28.8,"slow down, one breath at a time","Slow down, one breath at a time · 432 Hz · Ocean and Birds","A small pause in the middle of the day.
Full piece (20 min): Music for Anxiety · Ocean and Birds · 432 Hz · Count to Six · 20 Minutes

#anxietyrelief #calm #relaxingmusic #432hz #shorts","anxiety relief, calming music, 432 hz, ocean and birds, Rin",,432 Hz · breathe,"A small pause in the middle of the day. Full 20 min piece on YouTube: Rin.
#anxietyrelief #calm #relaxingmusic #432hz #meditation",pendiente,,,,
OBRA-013-S5,OBRA-013,5,short-5.mp4,1175,1.22,38.4,before you begin,Before you begin · 432 Hz · Ocean and Birds,"Send this to someone who needs a pause.
Full piece (20 min): Music for Anxiety · Ocean and Birds · 432 Hz · Count to Six · 20 Minutes

#anxietyrelief #calm #relaxingmusic #432hz #shorts","anxiety relief, calming music, 432 hz, ocean and birds, Rin",,432 Hz · slow down,"Send this to someone who needs a pause. Full 20 min piece on YouTube: Rin.
#anxietyrelief #calm #relaxingmusic #432hz #meditation",pendiente,,,,
OBRA-014-S1,OBRA-014,1,short-1.mp4,90,1.0,0,for when your mind won't stop,For when your mind won't stop · 528 Hz · Zen Temple,"Save this for the next hard moment.
Full piece (20 min): Music for Anxiety · Zen Temple · 528 Hz · In and Out · 20 Minutes

#anxietyrelief #calm #relaxingmusic #528hz #shorts","anxiety relief, calming music, 528 hz, zen temple, Rin",,528 Hz · calm,"Save this for the next hard moment. Full 20 min piece on YouTube: Rin.
#anxietyrelief #calm #relaxingmusic #528hz #meditation",pendiente,,,,
OBRA-014-S2,OBRA-014,2,short-2.mp4,361,1.15,9.6,breathe out longer than you breathe in,Breathe out longer than you breathe in · 528 Hz · Zen Temple,"Headphones on. Exhale slowly.
Full piece (20 min): Music for Anxiety · Zen Temple · 528 Hz · In and Out · 20 Minutes

#anxietyrelief #calm #relaxingmusic #528hz #shorts","anxiety relief, calming music, 528 hz, zen temple, Rin",,528 Hz · exhale,"Headphones on. Exhale slowly. Full 20 min piece on YouTube: Rin.
#anxietyrelief #calm #relaxingmusic #528hz #meditation",pendiente,,,,
OBRA-014-S3,OBRA-014,3,short-3.mp4,632,1.3,19.2,"a pause, just for you","A pause, just for you · 528 Hz · Zen Temple","Stay for one full breath.
Full piece (20 min): Music for Anxiety · Zen Temple · 528 Hz · In and Out · 20 Minutes

#anxietyrelief #calm #relaxingmusic #528hz #shorts","anxiety relief, calming music, 528 hz, zen temple, Rin",,528 Hz · pause,"Stay for one full breath. Full 20 min piece on YouTube: Rin.
#anxietyrelief #calm #relaxingmusic #528hz #meditation",pendiente,,,,
OBRA-014-S4,OBRA-014,4,short-4.mp4,904,1.08,28.8,"slow down, one breath at a time","Slow down, one breath at a time · 528 Hz · Zen Temple","A small pause in the middle of the day.
Full piece (20 min): Music for Anxiety · Zen Temple · 528 Hz · In and Out · 20 Minutes

#anxietyrelief #calm #relaxingmusic #528hz #shorts","anxiety relief, calming music, 528 hz, zen temple, Rin",,528 Hz · breathe,"A small pause in the middle of the day. Full 20 min piece on YouTube: Rin.
#anxietyrelief #calm #relaxingmusic #528hz #meditation",pendiente,,,,
OBRA-014-S5,OBRA-014,5,short-5.mp4,1175,1.22,38.4,before you begin,Before you begin · 528 Hz · Zen Temple,"Send this to someone who needs a pause.
Full piece (20 min): Music for Anxiety · Zen Temple · 528 Hz · In and Out · 20 Minutes

#anxietyrelief #calm #relaxingmusic #528hz #shorts","anxiety relief, calming music, 528 hz, zen temple, Rin",,528 Hz · slow down,"Send this to someone who needs a pause. Full 20 min piece on YouTube: Rin.
#anxietyrelief #calm #relaxingmusic #528hz #meditation",pendiente,,,,
OBRA-015-S1,OBRA-015,1,short-1.mp4,90,1.0,0,for when your mind won't stop,For when your mind won't stop · 639 Hz · Ocean and Birds,"Save this for the next hard moment.
Full piece (15 min): Music for Anxiety · Ocean and Birds · 639 Hz · Before You Begin · 15 Minutes
https://youtu.be/nN2uPKczsrc

#anxietyrelief #calm #relaxingmusic #639hz #shorts","anxiety relief, calming music, 639 hz, ocean and birds, Rin",https://youtu.be/nN2uPKczsrc,639 Hz · calm,"Save this for the next hard moment. Full 15 min piece on YouTube: Rin.
#anxietyrelief #calm #relaxingmusic #639hz #meditation",pendiente,,,,
OBRA-015-S2,OBRA-015,2,short-2.mp4,286,1.15,9.6,breathe out longer than you breathe in,Breathe out longer than you breathe in · 639 Hz · Ocean and Birds,"Headphones on. Exhale slowly.
Full piece (15 min): Music for Anxiety · Ocean and Birds · 639 Hz · Before You Begin · 15 Minutes
https://youtu.be/nN2uPKczsrc

#anxietyrelief #calm #relaxingmusic #639hz #shorts","anxiety relief, calming music, 639 hz, ocean and birds, Rin",https://youtu.be/nN2uPKczsrc,639 Hz · exhale,"Headphones on. Exhale slowly. Full 15 min piece on YouTube: Rin.
#anxietyrelief #calm #relaxingmusic #639hz #meditation",pendiente,,,,
OBRA-015-S3,OBRA-015,3,short-3.mp4,482,1.3,19.2,"a pause, just for you","A pause, just for you · 639 Hz · Ocean and Birds","Stay for one full breath.
Full piece (15 min): Music for Anxiety · Ocean and Birds · 639 Hz · Before You Begin · 15 Minutes
https://youtu.be/nN2uPKczsrc

#anxietyrelief #calm #relaxingmusic #639hz #shorts","anxiety relief, calming music, 639 hz, ocean and birds, Rin",https://youtu.be/nN2uPKczsrc,639 Hz · pause,"Stay for one full breath. Full 15 min piece on YouTube: Rin.
#anxietyrelief #calm #relaxingmusic #639hz #meditation",pendiente,,,,
OBRA-015-S4,OBRA-015,4,short-4.mp4,679,1.08,28.8,"slow down, one breath at a time","Slow down, one breath at a time · 639 Hz · Ocean and Birds","A small pause in the middle of the day.
Full piece (15 min): Music for Anxiety · Ocean and Birds · 639 Hz · Before You Begin · 15 Minutes
https://youtu.be/nN2uPKczsrc

#anxietyrelief #calm #relaxingmusic #639hz #shorts","anxiety relief, calming music, 639 hz, ocean and birds, Rin",https://youtu.be/nN2uPKczsrc,639 Hz · breathe,"A small pause in the middle of the day. Full 15 min piece on YouTube: Rin.
#anxietyrelief #calm #relaxingmusic #639hz #meditation",pendiente,,,,
OBRA-015-S5,OBRA-015,5,short-5.mp4,875,1.22,38.4,before you begin,Before you begin · 639 Hz · Ocean and Birds,"Send this to someone who needs a pause.
Full piece (15 min): Music for Anxiety · Ocean and Birds · 639 Hz · Before You Begin · 15 Minutes
https://youtu.be/nN2uPKczsrc

#anxietyrelief #calm #relaxingmusic #639hz #shorts","anxiety relief, calming music, 639 hz, ocean and birds, Rin",https://youtu.be/nN2uPKczsrc,639 Hz · slow down,"Send this to someone who needs a pause. Full 15 min piece on YouTube: Rin.
#anxietyrelief #calm #relaxingmusic #639hz #meditation",pendiente,,,,
OBRA-016-S1,OBRA-016,1,short-1.mp4,90,1.0,0,for when your mind won't stop,For when your mind won't stop · 417 Hz · Rain on Leaves,"Save this for the next hard moment.
Full piece (30 min): Music for Anxiety · Rain on Leaves · 417 Hz · End of the Day · 30 Minutes

#anxietyrelief #calm #relaxingmusic #417hz #shorts","anxiety relief, calming music, 417 hz, rain on leaves, Rin",,417 Hz · calm,"Save this for the next hard moment. Full 30 min piece on YouTube: Rin.
#anxietyrelief #calm #relaxingmusic #417hz #meditation",pendiente,,,,
OBRA-016-S2,OBRA-016,2,short-2.mp4,511,1.15,9.6,breathe out longer than you breathe in,Breathe out longer than you breathe in · 417 Hz · Rain on Leaves,"Headphones on. Exhale slowly.
Full piece (30 min): Music for Anxiety · Rain on Leaves · 417 Hz · End of the Day · 30 Minutes

#anxietyrelief #calm #relaxingmusic #417hz #shorts","anxiety relief, calming music, 417 hz, rain on leaves, Rin",,417 Hz · exhale,"Headphones on. Exhale slowly. Full 30 min piece on YouTube: Rin.
#anxietyrelief #calm #relaxingmusic #417hz #meditation",pendiente,,,,
OBRA-016-S3,OBRA-016,3,short-3.mp4,932,1.3,19.2,"a pause, just for you","A pause, just for you · 417 Hz · Rain on Leaves","Stay for one full breath.
Full piece (30 min): Music for Anxiety · Rain on Leaves · 417 Hz · End of the Day · 30 Minutes

#anxietyrelief #calm #relaxingmusic #417hz #shorts","anxiety relief, calming music, 417 hz, rain on leaves, Rin",,417 Hz · pause,"Stay for one full breath. Full 30 min piece on YouTube: Rin.
#anxietyrelief #calm #relaxingmusic #417hz #meditation",pendiente,,,,
OBRA-016-S4,OBRA-016,4,short-4.mp4,1354,1.08,28.8,"slow down, one breath at a time","Slow down, one breath at a time · 417 Hz · Rain on Leaves","A small pause in the middle of the day.
Full piece (30 min): Music for Anxiety · Rain on Leaves · 417 Hz · End of the Day · 30 Minutes

#anxietyrelief #calm #relaxingmusic #417hz #shorts","anxiety relief, calming music, 417 hz, rain on leaves, Rin",,417 Hz · breathe,"A small pause in the middle of the day. Full 30 min piece on YouTube: Rin.
#anxietyrelief #calm #relaxingmusic #417hz #meditation",pendiente,,,,
OBRA-016-S5,OBRA-016,5,short-5.mp4,1775,1.22,38.4,before you begin,Before you begin · 417 Hz · Rain on Leaves,"Send this to someone who needs a pause.
Full piece (30 min): Music for Anxiety · Rain on Leaves · 417 Hz · End of the Day · 30 Minutes

#anxietyrelief #calm #relaxingmusic #417hz #shorts","anxiety relief, calming music, 417 hz, rain on leaves, Rin",,417 Hz · slow down,"Send this to someone who needs a pause. Full 30 min piece on YouTube: Rin.
#anxietyrelief #calm #relaxingmusic #417hz #meditation",pendiente,,,,
OBRA-017-S1,OBRA-017,1,short-1.mp4,90,1.0,0,for a quiet meditation,For a quiet meditation · 417 Hz · Zen Temple,"Save this for your next sit.
Full piece (45 min): Meditation Music · Zen Temple · 417 Hz · Empty Temple · 45 Minutes

#meditationmusic #meditation #mindfulness #417hz #shorts","meditation music, mindfulness, 417 hz, zen temple, Rin",,417 Hz · meditate,"Save this for your next sit. Full 45 min piece on YouTube: Rin.
#meditationmusic #meditation #mindfulness #417hz #meditation",pendiente,,,,
OBRA-017-S2,OBRA-017,2,short-2.mp4,736,1.15,9.6,"sit, listen, breathe","Sit, listen, breathe · 417 Hz · Zen Temple","Close your eyes for 45 seconds.
Full piece (45 min): Meditation Music · Zen Temple · 417 Hz · Empty Temple · 45 Minutes

#meditationmusic #meditation #mindfulness #417hz #shorts","meditation music, mindfulness, 417 hz, zen temple, Rin",,417 Hz · stillness,"Close your eyes for 45 seconds. Full 45 min piece on YouTube: Rin.
#meditationmusic #meditation #mindfulness #417hz #meditation",pendiente,,,,
OBRA-017-S3,OBRA-017,3,short-3.mp4,1382,1.3,19.2,follow the sound until it fades,Follow the sound until it fades · 417 Hz · Zen Temple,"Listen until the sound fades.
Full piece (45 min): Meditation Music · Zen Temple · 417 Hz · Empty Temple · 45 Minutes

#meditationmusic #meditation #mindfulness #417hz #shorts","meditation music, mindfulness, 417 hz, zen temple, Rin",,417 Hz · listen,"Listen until the sound fades. Full 45 min piece on YouTube: Rin.
#meditationmusic #meditation #mindfulness #417hz #meditation",pendiente,,,,
OBRA-017-S4,OBRA-017,4,short-4.mp4,2029,1.08,28.8,nothing to do but listen,Nothing to do but listen · 417 Hz · Zen Temple,"A minute of stillness.
Full piece (45 min): Meditation Music · Zen Temple · 417 Hz · Empty Temple · 45 Minutes

#meditationmusic #meditation #mindfulness #417hz #shorts","meditation music, mindfulness, 417 hz, zen temple, Rin",,417 Hz · sit,"A minute of stillness. Full 45 min piece on YouTube: Rin.
#meditationmusic #meditation #mindfulness #417hz #meditation",pendiente,,,,
OBRA-017-S5,OBRA-017,5,short-5.mp4,2675,1.22,38.4,"one breath, then the next","One breath, then the next · 417 Hz · Zen Temple","Send this to someone who meditates.
Full piece (45 min): Meditation Music · Zen Temple · 417 Hz · Empty Temple · 45 Minutes

#meditationmusic #meditation #mindfulness #417hz #shorts","meditation music, mindfulness, 417 hz, zen temple, Rin",,417 Hz · silence,"Send this to someone who meditates. Full 45 min piece on YouTube: Rin.
#meditationmusic #meditation #mindfulness #417hz #meditation",pendiente,,,,
OBRA-018-S1,OBRA-018,1,short-1.mp4,90,1.0,0,for a quiet meditation,For a quiet meditation · 528 Hz · Zen Temple,"Save this for your next sit.
Full piece (45 min): Meditation Music · Zen Temple · 528 Hz · Seven Bells · 45 Minutes

#meditationmusic #meditation #mindfulness #528hz #shorts","meditation music, mindfulness, 528 hz, zen temple, Rin",,528 Hz · meditate,"Save this for your next sit. Full 45 min piece on YouTube: Rin.
#meditationmusic #meditation #mindfulness #528hz #meditation",pendiente,,,,
OBRA-018-S2,OBRA-018,2,short-2.mp4,736,1.15,9.6,"sit, listen, breathe","Sit, listen, breathe · 528 Hz · Zen Temple","Close your eyes for 45 seconds.
Full piece (45 min): Meditation Music · Zen Temple · 528 Hz · Seven Bells · 45 Minutes

#meditationmusic #meditation #mindfulness #528hz #shorts","meditation music, mindfulness, 528 hz, zen temple, Rin",,528 Hz · stillness,"Close your eyes for 45 seconds. Full 45 min piece on YouTube: Rin.
#meditationmusic #meditation #mindfulness #528hz #meditation",pendiente,,,,
OBRA-018-S3,OBRA-018,3,short-3.mp4,1382,1.3,19.2,follow the sound until it fades,Follow the sound until it fades · 528 Hz · Zen Temple,"Listen until the sound fades.
Full piece (45 min): Meditation Music · Zen Temple · 528 Hz · Seven Bells · 45 Minutes

#meditationmusic #meditation #mindfulness #528hz #shorts","meditation music, mindfulness, 528 hz, zen temple, Rin",,528 Hz · listen,"Listen until the sound fades. Full 45 min piece on YouTube: Rin.
#meditationmusic #meditation #mindfulness #528hz #meditation",pendiente,,,,
OBRA-018-S4,OBRA-018,4,short-4.mp4,2029,1.08,28.8,nothing to do but listen,Nothing to do but listen · 528 Hz · Zen Temple,"A minute of stillness.
Full piece (45 min): Meditation Music · Zen Temple · 528 Hz · Seven Bells · 45 Minutes

#meditationmusic #meditation #mindfulness #528hz #shorts","meditation music, mindfulness, 528 hz, zen temple, Rin",,528 Hz · sit,"A minute of stillness. Full 45 min piece on YouTube: Rin.
#meditationmusic #meditation #mindfulness #528hz #meditation",pendiente,,,,
OBRA-018-S5,OBRA-018,5,short-5.mp4,2675,1.22,38.4,"one breath, then the next","One breath, then the next · 528 Hz · Zen Temple","Send this to someone who meditates.
Full piece (45 min): Meditation Music · Zen Temple · 528 Hz · Seven Bells · 45 Minutes

#meditationmusic #meditation #mindfulness #528hz #shorts","meditation music, mindfulness, 528 hz, zen temple, Rin",,528 Hz · silence,"Send this to someone who meditates. Full 45 min piece on YouTube: Rin.
#meditationmusic #meditation #mindfulness #528hz #meditation",pendiente,,,,
OBRA-019-S1,OBRA-019,1,short-1.mp4,90,1.0,0,for a quiet meditation,For a quiet meditation · 432 Hz · Zen Temple,"Save this for your next sit.
Full piece (1 h): Meditation Music · Zen Temple · 432 Hz · Metal and Air · 1 Hour

#meditationmusic #meditation #mindfulness #432hz #shorts","meditation music, mindfulness, 432 hz, zen temple, Rin",,432 Hz · meditate,"Save this for your next sit. Full 1 h piece on YouTube: Rin.
#meditationmusic #meditation #mindfulness #432hz #meditation",pendiente,,,,
OBRA-019-S2,OBRA-019,2,short-2.mp4,961,1.15,9.6,"sit, listen, breathe","Sit, listen, breathe · 432 Hz · Zen Temple","Close your eyes for 45 seconds.
Full piece (1 h): Meditation Music · Zen Temple · 432 Hz · Metal and Air · 1 Hour

#meditationmusic #meditation #mindfulness #432hz #shorts","meditation music, mindfulness, 432 hz, zen temple, Rin",,432 Hz · stillness,"Close your eyes for 45 seconds. Full 1 h piece on YouTube: Rin.
#meditationmusic #meditation #mindfulness #432hz #meditation",pendiente,,,,
OBRA-019-S3,OBRA-019,3,short-3.mp4,1832,1.3,19.2,follow the sound until it fades,Follow the sound until it fades · 432 Hz · Zen Temple,"Listen until the sound fades.
Full piece (1 h): Meditation Music · Zen Temple · 432 Hz · Metal and Air · 1 Hour

#meditationmusic #meditation #mindfulness #432hz #shorts","meditation music, mindfulness, 432 hz, zen temple, Rin",,432 Hz · listen,"Listen until the sound fades. Full 1 h piece on YouTube: Rin.
#meditationmusic #meditation #mindfulness #432hz #meditation",pendiente,,,,
OBRA-019-S4,OBRA-019,4,short-4.mp4,2704,1.08,28.8,nothing to do but listen,Nothing to do but listen · 432 Hz · Zen Temple,"A minute of stillness.
Full piece (1 h): Meditation Music · Zen Temple · 432 Hz · Metal and Air · 1 Hour

#meditationmusic #meditation #mindfulness #432hz #shorts","meditation music, mindfulness, 432 hz, zen temple, Rin",,432 Hz · sit,"A minute of stillness. Full 1 h piece on YouTube: Rin.
#meditationmusic #meditation #mindfulness #432hz #meditation",pendiente,,,,
OBRA-019-S5,OBRA-019,5,short-5.mp4,3575,1.22,38.4,"one breath, then the next","One breath, then the next · 432 Hz · Zen Temple","Send this to someone who meditates.
Full piece (1 h): Meditation Music · Zen Temple · 432 Hz · Metal and Air · 1 Hour

#meditationmusic #meditation #mindfulness #432hz #shorts","meditation music, mindfulness, 432 hz, zen temple, Rin",,432 Hz · silence,"Send this to someone who meditates. Full 1 h piece on YouTube: Rin.
#meditationmusic #meditation #mindfulness #432hz #meditation",pendiente,,,,
OBRA-020-S1,OBRA-020,1,short-1.mp4,90,1.0,0,for a quiet meditation,For a quiet meditation · 528 Hz · Rain on Leaves,"Save this for your next sit.
Full piece (30 min): Meditation Music · Rain on Leaves · 528 Hz · Strike and Silence · 30 Minutes

#meditationmusic #meditation #mindfulness #528hz #shorts","meditation music, mindfulness, 528 hz, rain on leaves, Rin",,528 Hz · meditate,"Save this for your next sit. Full 30 min piece on YouTube: Rin.
#meditationmusic #meditation #mindfulness #528hz #meditation",pendiente,,,,
OBRA-020-S2,OBRA-020,2,short-2.mp4,511,1.15,9.6,"sit, listen, breathe","Sit, listen, breathe · 528 Hz · Rain on Leaves","Close your eyes for 45 seconds.
Full piece (30 min): Meditation Music · Rain on Leaves · 528 Hz · Strike and Silence · 30 Minutes

#meditationmusic #meditation #mindfulness #528hz #shorts","meditation music, mindfulness, 528 hz, rain on leaves, Rin",,528 Hz · stillness,"Close your eyes for 45 seconds. Full 30 min piece on YouTube: Rin.
#meditationmusic #meditation #mindfulness #528hz #meditation",pendiente,,,,
OBRA-020-S3,OBRA-020,3,short-3.mp4,932,1.3,19.2,follow the sound until it fades,Follow the sound until it fades · 528 Hz · Rain on Leaves,"Listen until the sound fades.
Full piece (30 min): Meditation Music · Rain on Leaves · 528 Hz · Strike and Silence · 30 Minutes

#meditationmusic #meditation #mindfulness #528hz #shorts","meditation music, mindfulness, 528 hz, rain on leaves, Rin",,528 Hz · listen,"Listen until the sound fades. Full 30 min piece on YouTube: Rin.
#meditationmusic #meditation #mindfulness #528hz #meditation",pendiente,,,,
OBRA-020-S4,OBRA-020,4,short-4.mp4,1354,1.08,28.8,nothing to do but listen,Nothing to do but listen · 528 Hz · Rain on Leaves,"A minute of stillness.
Full piece (30 min): Meditation Music · Rain on Leaves · 528 Hz · Strike and Silence · 30 Minutes

#meditationmusic #meditation #mindfulness #528hz #shorts","meditation music, mindfulness, 528 hz, rain on leaves, Rin",,528 Hz · sit,"A minute of stillness. Full 30 min piece on YouTube: Rin.
#meditationmusic #meditation #mindfulness #528hz #meditation",pendiente,,,,
OBRA-020-S5,OBRA-020,5,short-5.mp4,1775,1.22,38.4,"one breath, then the next","One breath, then the next · 528 Hz · Rain on Leaves","Send this to someone who meditates.
Full piece (30 min): Meditation Music · Rain on Leaves · 528 Hz · Strike and Silence · 30 Minutes

#meditationmusic #meditation #mindfulness #528hz #shorts","meditation music, mindfulness, 528 hz, rain on leaves, Rin",,528 Hz · silence,"Send this to someone who meditates. Full 30 min piece on YouTube: Rin.
#meditationmusic #meditation #mindfulness #528hz #meditation",pendiente,,,,
OBRA-021-S1,OBRA-021,1,short-1.mp4,90,1.0,0,for a quiet meditation,For a quiet meditation · 396 Hz · Zen Temple,"Save this for your next sit.
Full piece (45 min): Meditation Music · Zen Temple · 396 Hz · Bronze and Wood · 45 Minutes

#meditationmusic #meditation #mindfulness #396hz #shorts","meditation music, mindfulness, 396 hz, zen temple, Rin",,396 Hz · meditate,"Save this for your next sit. Full 45 min piece on YouTube: Rin.
#meditationmusic #meditation #mindfulness #396hz #meditation",pendiente,,,,
OBRA-021-S2,OBRA-021,2,short-2.mp4,736,1.15,9.6,"sit, listen, breathe","Sit, listen, breathe · 396 Hz · Zen Temple","Close your eyes for 45 seconds.
Full piece (45 min): Meditation Music · Zen Temple · 396 Hz · Bronze and Wood · 45 Minutes

#meditationmusic #meditation #mindfulness #396hz #shorts","meditation music, mindfulness, 396 hz, zen temple, Rin",,396 Hz · stillness,"Close your eyes for 45 seconds. Full 45 min piece on YouTube: Rin.
#meditationmusic #meditation #mindfulness #396hz #meditation",pendiente,,,,
OBRA-021-S3,OBRA-021,3,short-3.mp4,1382,1.3,19.2,follow the sound until it fades,Follow the sound until it fades · 396 Hz · Zen Temple,"Listen until the sound fades.
Full piece (45 min): Meditation Music · Zen Temple · 396 Hz · Bronze and Wood · 45 Minutes

#meditationmusic #meditation #mindfulness #396hz #shorts","meditation music, mindfulness, 396 hz, zen temple, Rin",,396 Hz · listen,"Listen until the sound fades. Full 45 min piece on YouTube: Rin.
#meditationmusic #meditation #mindfulness #396hz #meditation",pendiente,,,,
OBRA-021-S4,OBRA-021,4,short-4.mp4,2029,1.08,28.8,nothing to do but listen,Nothing to do but listen · 396 Hz · Zen Temple,"A minute of stillness.
Full piece (45 min): Meditation Music · Zen Temple · 396 Hz · Bronze and Wood · 45 Minutes

#meditationmusic #meditation #mindfulness #396hz #shorts","meditation music, mindfulness, 396 hz, zen temple, Rin",,396 Hz · sit,"A minute of stillness. Full 45 min piece on YouTube: Rin.
#meditationmusic #meditation #mindfulness #396hz #meditation",pendiente,,,,
OBRA-021-S5,OBRA-021,5,short-5.mp4,2675,1.22,38.4,"one breath, then the next","One breath, then the next · 396 Hz · Zen Temple","Send this to someone who meditates.
Full piece (45 min): Meditation Music · Zen Temple · 396 Hz · Bronze and Wood · 45 Minutes

#meditationmusic #meditation #mindfulness #396hz #shorts","meditation music, mindfulness, 396 hz, zen temple, Rin",,396 Hz · silence,"Send this to someone who meditates. Full 45 min piece on YouTube: Rin.
#meditationmusic #meditation #mindfulness #396hz #meditation",pendiente,,,,
OBRA-022-S1,OBRA-022,1,short-1.mp4,90,1.0,0,for a quiet meditation,For a quiet meditation · 639 Hz · Zen Temple,"Save this for your next sit.
Full piece (1 h): Meditation Music · Zen Temple · 639 Hz · Long Resonance · 1 Hour

#meditationmusic #meditation #mindfulness #639hz #shorts","meditation music, mindfulness, 639 hz, zen temple, Rin",,639 Hz · meditate,"Save this for your next sit. Full 1 h piece on YouTube: Rin.
#meditationmusic #meditation #mindfulness #639hz #meditation",pendiente,,,,
OBRA-022-S2,OBRA-022,2,short-2.mp4,961,1.15,9.6,"sit, listen, breathe","Sit, listen, breathe · 639 Hz · Zen Temple","Close your eyes for 45 seconds.
Full piece (1 h): Meditation Music · Zen Temple · 639 Hz · Long Resonance · 1 Hour

#meditationmusic #meditation #mindfulness #639hz #shorts","meditation music, mindfulness, 639 hz, zen temple, Rin",,639 Hz · stillness,"Close your eyes for 45 seconds. Full 1 h piece on YouTube: Rin.
#meditationmusic #meditation #mindfulness #639hz #meditation",pendiente,,,,
OBRA-022-S3,OBRA-022,3,short-3.mp4,1832,1.3,19.2,follow the sound until it fades,Follow the sound until it fades · 639 Hz · Zen Temple,"Listen until the sound fades.
Full piece (1 h): Meditation Music · Zen Temple · 639 Hz · Long Resonance · 1 Hour

#meditationmusic #meditation #mindfulness #639hz #shorts","meditation music, mindfulness, 639 hz, zen temple, Rin",,639 Hz · listen,"Listen until the sound fades. Full 1 h piece on YouTube: Rin.
#meditationmusic #meditation #mindfulness #639hz #meditation",pendiente,,,,
OBRA-022-S4,OBRA-022,4,short-4.mp4,2704,1.08,28.8,nothing to do but listen,Nothing to do but listen · 639 Hz · Zen Temple,"A minute of stillness.
Full piece (1 h): Meditation Music · Zen Temple · 639 Hz · Long Resonance · 1 Hour

#meditationmusic #meditation #mindfulness #639hz #shorts","meditation music, mindfulness, 639 hz, zen temple, Rin",,639 Hz · sit,"A minute of stillness. Full 1 h piece on YouTube: Rin.
#meditationmusic #meditation #mindfulness #639hz #meditation",pendiente,,,,
OBRA-022-S5,OBRA-022,5,short-5.mp4,3575,1.22,38.4,"one breath, then the next","One breath, then the next · 639 Hz · Zen Temple","Send this to someone who meditates.
Full piece (1 h): Meditation Music · Zen Temple · 639 Hz · Long Resonance · 1 Hour

#meditationmusic #meditation #mindfulness #639hz #shorts","meditation music, mindfulness, 639 hz, zen temple, Rin",,639 Hz · silence,"Send this to someone who meditates. Full 1 h piece on YouTube: Rin.
#meditationmusic #meditation #mindfulness #639hz #meditation",pendiente,,,,
OBRA-023-S1,OBRA-023,1,short-1.mp4,90,1.0,0,for a quiet meditation,For a quiet meditation · 528 Hz · Zen Temple,"Save this for your next sit.
Full piece (20 min): Meditation Music · Zen Temple · 528 Hz · Just One · 20 Minutes

#meditationmusic #meditation #mindfulness #528hz #shorts","meditation music, mindfulness, 528 hz, zen temple, Rin",,528 Hz · meditate,"Save this for your next sit. Full 20 min piece on YouTube: Rin.
#meditationmusic #meditation #mindfulness #528hz #meditation",pendiente,,,,
OBRA-023-S2,OBRA-023,2,short-2.mp4,361,1.15,9.6,"sit, listen, breathe","Sit, listen, breathe · 528 Hz · Zen Temple","Close your eyes for 45 seconds.
Full piece (20 min): Meditation Music · Zen Temple · 528 Hz · Just One · 20 Minutes

#meditationmusic #meditation #mindfulness #528hz #shorts","meditation music, mindfulness, 528 hz, zen temple, Rin",,528 Hz · stillness,"Close your eyes for 45 seconds. Full 20 min piece on YouTube: Rin.
#meditationmusic #meditation #mindfulness #528hz #meditation",pendiente,,,,
OBRA-023-S3,OBRA-023,3,short-3.mp4,632,1.3,19.2,follow the sound until it fades,Follow the sound until it fades · 528 Hz · Zen Temple,"Listen until the sound fades.
Full piece (20 min): Meditation Music · Zen Temple · 528 Hz · Just One · 20 Minutes

#meditationmusic #meditation #mindfulness #528hz #shorts","meditation music, mindfulness, 528 hz, zen temple, Rin",,528 Hz · listen,"Listen until the sound fades. Full 20 min piece on YouTube: Rin.
#meditationmusic #meditation #mindfulness #528hz #meditation",pendiente,,,,
OBRA-023-S4,OBRA-023,4,short-4.mp4,904,1.08,28.8,nothing to do but listen,Nothing to do but listen · 528 Hz · Zen Temple,"A minute of stillness.
Full piece (20 min): Meditation Music · Zen Temple · 528 Hz · Just One · 20 Minutes

#meditationmusic #meditation #mindfulness #528hz #shorts","meditation music, mindfulness, 528 hz, zen temple, Rin",,528 Hz · sit,"A minute of stillness. Full 20 min piece on YouTube: Rin.
#meditationmusic #meditation #mindfulness #528hz #meditation",pendiente,,,,
OBRA-023-S5,OBRA-023,5,short-5.mp4,1175,1.22,38.4,"one breath, then the next","One breath, then the next · 528 Hz · Zen Temple","Send this to someone who meditates.
Full piece (20 min): Meditation Music · Zen Temple · 528 Hz · Just One · 20 Minutes

#meditationmusic #meditation #mindfulness #528hz #shorts","meditation music, mindfulness, 528 hz, zen temple, Rin",,528 Hz · silence,"Send this to someone who meditates. Full 20 min piece on YouTube: Rin.
#meditationmusic #meditation #mindfulness #528hz #meditation",pendiente,,,,
OBRA-024-S1,OBRA-024,1,short-1.mp4,90,1.0,0,for a quiet meditation,For a quiet meditation · 432 Hz · Rain on Leaves,"Save this for your next sit.
Full piece (1 h): Meditation Music · Rain on Leaves · 432 Hz · What Remains of Sound · 1 Hour

#meditationmusic #meditation #mindfulness #432hz #shorts","meditation music, mindfulness, 432 hz, rain on leaves, Rin",,432 Hz · meditate,"Save this for your next sit. Full 1 h piece on YouTube: Rin.
#meditationmusic #meditation #mindfulness #432hz #meditation",pendiente,,,,
OBRA-024-S2,OBRA-024,2,short-2.mp4,961,1.15,9.6,"sit, listen, breathe","Sit, listen, breathe · 432 Hz · Rain on Leaves","Close your eyes for 45 seconds.
Full piece (1 h): Meditation Music · Rain on Leaves · 432 Hz · What Remains of Sound · 1 Hour

#meditationmusic #meditation #mindfulness #432hz #shorts","meditation music, mindfulness, 432 hz, rain on leaves, Rin",,432 Hz · stillness,"Close your eyes for 45 seconds. Full 1 h piece on YouTube: Rin.
#meditationmusic #meditation #mindfulness #432hz #meditation",pendiente,,,,
OBRA-024-S3,OBRA-024,3,short-3.mp4,1832,1.3,19.2,follow the sound until it fades,Follow the sound until it fades · 432 Hz · Rain on Leaves,"Listen until the sound fades.
Full piece (1 h): Meditation Music · Rain on Leaves · 432 Hz · What Remains of Sound · 1 Hour

#meditationmusic #meditation #mindfulness #432hz #shorts","meditation music, mindfulness, 432 hz, rain on leaves, Rin",,432 Hz · listen,"Listen until the sound fades. Full 1 h piece on YouTube: Rin.
#meditationmusic #meditation #mindfulness #432hz #meditation",pendiente,,,,
OBRA-024-S4,OBRA-024,4,short-4.mp4,2704,1.08,28.8,nothing to do but listen,Nothing to do but listen · 432 Hz · Rain on Leaves,"A minute of stillness.
Full piece (1 h): Meditation Music · Rain on Leaves · 432 Hz · What Remains of Sound · 1 Hour

#meditationmusic #meditation #mindfulness #432hz #shorts","meditation music, mindfulness, 432 hz, rain on leaves, Rin",,432 Hz · sit,"A minute of stillness. Full 1 h piece on YouTube: Rin.
#meditationmusic #meditation #mindfulness #432hz #meditation",pendiente,,,,
OBRA-024-S5,OBRA-024,5,short-5.mp4,3575,1.22,38.4,"one breath, then the next","One breath, then the next · 432 Hz · Rain on Leaves","Send this to someone who meditates.
Full piece (1 h): Meditation Music · Rain on Leaves · 432 Hz · What Remains of Sound · 1 Hour

#meditationmusic #meditation #mindfulness #432hz #shorts","meditation music, mindfulness, 432 hz, rain on leaves, Rin",,432 Hz · silence,"Send this to someone who meditates. Full 1 h piece on YouTube: Rin.
#meditationmusic #meditation #mindfulness #432hz #meditation",pendiente,,,,
OBRA-025-S1,OBRA-025,1,short-1.mp4,90,1.0,0,to let go of the day,To let go of the day · 528 Hz · Ocean and Birds,"Save this for the end of the day.
Full piece (1 h): Music to Release Tension · Ocean and Birds · 528 Hz · Salt Root · 1 Hour

#stressrelief #relaxingmusic #calm #528hz #shorts","stress relief, relaxing music, 528 hz, ocean and birds, Rin",,528 Hz · let go,"Save this for the end of the day. Full 1 h piece on YouTube: Rin.
#stressrelief #relaxingmusic #calm #528hz #meditation",pendiente,,,,
OBRA-025-S2,OBRA-025,2,short-2.mp4,961,1.15,9.6,drop your shoulders,Drop your shoulders · 528 Hz · Ocean and Birds,"Drop your shoulders. Breathe out.
Full piece (1 h): Music to Release Tension · Ocean and Birds · 528 Hz · Salt Root · 1 Hour

#stressrelief #relaxingmusic #calm #528hz #shorts","stress relief, relaxing music, 528 hz, ocean and birds, Rin",,528 Hz · unwind,"Drop your shoulders. Breathe out. Full 1 h piece on YouTube: Rin.
#stressrelief #relaxingmusic #calm #528hz #meditation",pendiente,,,,
OBRA-025-S3,OBRA-025,3,short-3.mp4,1832,1.3,19.2,unclench your jaw,Unclench your jaw · 528 Hz · Ocean and Birds,"Let this one play twice.
Full piece (1 h): Music to Release Tension · Ocean and Birds · 528 Hz · Salt Root · 1 Hour

#stressrelief #relaxingmusic #calm #528hz #shorts","stress relief, relaxing music, 528 hz, ocean and birds, Rin",,528 Hz · release,"Let this one play twice. Full 1 h piece on YouTube: Rin.
#stressrelief #relaxingmusic #calm #528hz #meditation",pendiente,,,,
OBRA-025-S4,OBRA-025,4,short-4.mp4,2704,1.08,28.8,breathe out what you carried today,Breathe out what you carried today · 528 Hz · Ocean and Birds,"Leave the day at the door.
Full piece (1 h): Music to Release Tension · Ocean and Birds · 528 Hz · Salt Root · 1 Hour

#stressrelief #relaxingmusic #calm #528hz #shorts","stress relief, relaxing music, 528 hz, ocean and birds, Rin",,528 Hz · soften,"Leave the day at the door. Full 1 h piece on YouTube: Rin.
#stressrelief #relaxingmusic #calm #528hz #meditation",pendiente,,,,
OBRA-025-S5,OBRA-025,5,short-5.mp4,3575,1.22,38.4,let the tension go with the sound,Let the tension go with the sound · 528 Hz · Ocean and Birds,"Send this to someone who needs to unwind.
Full piece (1 h): Music to Release Tension · Ocean and Birds · 528 Hz · Salt Root · 1 Hour

#stressrelief #relaxingmusic #calm #528hz #shorts","stress relief, relaxing music, 528 hz, ocean and birds, Rin",,528 Hz · rest,"Send this to someone who needs to unwind. Full 1 h piece on YouTube: Rin.
#stressrelief #relaxingmusic #calm #528hz #meditation",pendiente,,,,
OBRA-026-S1,OBRA-026,1,short-1.mp4,90,1.0,0,to let go of the day,To let go of the day · 432 Hz · Ocean Waves,"Save this for the end of the day.
Full piece (1 h): Music to Release Tension · Ocean Waves · 432 Hz · Still Water · 1 Hour

#stressrelief #relaxingmusic #calm #432hz #shorts","stress relief, relaxing music, 432 hz, ocean waves, Rin",,432 Hz · let go,"Save this for the end of the day. Full 1 h piece on YouTube: Rin.
#stressrelief #relaxingmusic #calm #432hz #meditation",pendiente,,,,
OBRA-026-S2,OBRA-026,2,short-2.mp4,961,1.15,9.6,drop your shoulders,Drop your shoulders · 432 Hz · Ocean Waves,"Drop your shoulders. Breathe out.
Full piece (1 h): Music to Release Tension · Ocean Waves · 432 Hz · Still Water · 1 Hour

#stressrelief #relaxingmusic #calm #432hz #shorts","stress relief, relaxing music, 432 hz, ocean waves, Rin",,432 Hz · unwind,"Drop your shoulders. Breathe out. Full 1 h piece on YouTube: Rin.
#stressrelief #relaxingmusic #calm #432hz #meditation",pendiente,,,,
OBRA-026-S3,OBRA-026,3,short-3.mp4,1832,1.3,19.2,unclench your jaw,Unclench your jaw · 432 Hz · Ocean Waves,"Let this one play twice.
Full piece (1 h): Music to Release Tension · Ocean Waves · 432 Hz · Still Water · 1 Hour

#stressrelief #relaxingmusic #calm #432hz #shorts","stress relief, relaxing music, 432 hz, ocean waves, Rin",,432 Hz · release,"Let this one play twice. Full 1 h piece on YouTube: Rin.
#stressrelief #relaxingmusic #calm #432hz #meditation",pendiente,,,,
OBRA-026-S4,OBRA-026,4,short-4.mp4,2704,1.08,28.8,breathe out what you carried today,Breathe out what you carried today · 432 Hz · Ocean Waves,"Leave the day at the door.
Full piece (1 h): Music to Release Tension · Ocean Waves · 432 Hz · Still Water · 1 Hour

#stressrelief #relaxingmusic #calm #432hz #shorts","stress relief, relaxing music, 432 hz, ocean waves, Rin",,432 Hz · soften,"Leave the day at the door. Full 1 h piece on YouTube: Rin.
#stressrelief #relaxingmusic #calm #432hz #meditation",pendiente,,,,
OBRA-026-S5,OBRA-026,5,short-5.mp4,3575,1.22,38.4,let the tension go with the sound,Let the tension go with the sound · 432 Hz · Ocean Waves,"Send this to someone who needs to unwind.
Full piece (1 h): Music to Release Tension · Ocean Waves · 432 Hz · Still Water · 1 Hour

#stressrelief #relaxingmusic #calm #432hz #shorts","stress relief, relaxing music, 432 hz, ocean waves, Rin",,432 Hz · rest,"Send this to someone who needs to unwind. Full 1 h piece on YouTube: Rin.
#stressrelief #relaxingmusic #calm #432hz #meditation",pendiente,,,,
OBRA-027-S1,OBRA-027,1,short-1.mp4,90,1.0,0,to let go of the day,To let go of the day · 396 Hz · Rain on Leaves,"Save this for the end of the day.
Full piece (1 h): Music to Release Tension · Rain on Leaves · 396 Hz · Warm Ash · 1 Hour

#stressrelief #relaxingmusic #calm #396hz #shorts","stress relief, relaxing music, 396 hz, rain on leaves, Rin",,396 Hz · let go,"Save this for the end of the day. Full 1 h piece on YouTube: Rin.
#stressrelief #relaxingmusic #calm #396hz #meditation",pendiente,,,,
OBRA-027-S2,OBRA-027,2,short-2.mp4,961,1.15,9.6,drop your shoulders,Drop your shoulders · 396 Hz · Rain on Leaves,"Drop your shoulders. Breathe out.
Full piece (1 h): Music to Release Tension · Rain on Leaves · 396 Hz · Warm Ash · 1 Hour

#stressrelief #relaxingmusic #calm #396hz #shorts","stress relief, relaxing music, 396 hz, rain on leaves, Rin",,396 Hz · unwind,"Drop your shoulders. Breathe out. Full 1 h piece on YouTube: Rin.
#stressrelief #relaxingmusic #calm #396hz #meditation",pendiente,,,,
OBRA-027-S3,OBRA-027,3,short-3.mp4,1832,1.3,19.2,unclench your jaw,Unclench your jaw · 396 Hz · Rain on Leaves,"Let this one play twice.
Full piece (1 h): Music to Release Tension · Rain on Leaves · 396 Hz · Warm Ash · 1 Hour

#stressrelief #relaxingmusic #calm #396hz #shorts","stress relief, relaxing music, 396 hz, rain on leaves, Rin",,396 Hz · release,"Let this one play twice. Full 1 h piece on YouTube: Rin.
#stressrelief #relaxingmusic #calm #396hz #meditation",pendiente,,,,
OBRA-027-S4,OBRA-027,4,short-4.mp4,2704,1.08,28.8,breathe out what you carried today,Breathe out what you carried today · 396 Hz · Rain on Leaves,"Leave the day at the door.
Full piece (1 h): Music to Release Tension · Rain on Leaves · 396 Hz · Warm Ash · 1 Hour

#stressrelief #relaxingmusic #calm #396hz #shorts","stress relief, relaxing music, 396 hz, rain on leaves, Rin",,396 Hz · soften,"Leave the day at the door. Full 1 h piece on YouTube: Rin.
#stressrelief #relaxingmusic #calm #396hz #meditation",pendiente,,,,
OBRA-027-S5,OBRA-027,5,short-5.mp4,3575,1.22,38.4,let the tension go with the sound,Let the tension go with the sound · 396 Hz · Rain on Leaves,"Send this to someone who needs to unwind.
Full piece (1 h): Music to Release Tension · Rain on Leaves · 396 Hz · Warm Ash · 1 Hour

#stressrelief #relaxingmusic #calm #396hz #shorts","stress relief, relaxing music, 396 hz, rain on leaves, Rin",,396 Hz · rest,"Send this to someone who needs to unwind. Full 1 h piece on YouTube: Rin.
#stressrelief #relaxingmusic #calm #396hz #meditation",pendiente,,,,
OBRA-028-S1,OBRA-028,1,short-1.mp4,90,1.0,0,to let go of the day,To let go of the day · 417 Hz · Zen Temple,"Save this for the end of the day.
Full piece (45 min): Music to Release Tension · Zen Temple · 417 Hz · Low Door · 45 Minutes

#stressrelief #relaxingmusic #calm #417hz #shorts","stress relief, relaxing music, 417 hz, zen temple, Rin",,417 Hz · let go,"Save this for the end of the day. Full 45 min piece on YouTube: Rin.
#stressrelief #relaxingmusic #calm #417hz #meditation",pendiente,,,,
OBRA-028-S2,OBRA-028,2,short-2.mp4,736,1.15,9.6,drop your shoulders,Drop your shoulders · 417 Hz · Zen Temple,"Drop your shoulders. Breathe out.
Full piece (45 min): Music to Release Tension · Zen Temple · 417 Hz · Low Door · 45 Minutes

#stressrelief #relaxingmusic #calm #417hz #shorts","stress relief, relaxing music, 417 hz, zen temple, Rin",,417 Hz · unwind,"Drop your shoulders. Breathe out. Full 45 min piece on YouTube: Rin.
#stressrelief #relaxingmusic #calm #417hz #meditation",pendiente,,,,
OBRA-028-S3,OBRA-028,3,short-3.mp4,1382,1.3,19.2,unclench your jaw,Unclench your jaw · 417 Hz · Zen Temple,"Let this one play twice.
Full piece (45 min): Music to Release Tension · Zen Temple · 417 Hz · Low Door · 45 Minutes

#stressrelief #relaxingmusic #calm #417hz #shorts","stress relief, relaxing music, 417 hz, zen temple, Rin",,417 Hz · release,"Let this one play twice. Full 45 min piece on YouTube: Rin.
#stressrelief #relaxingmusic #calm #417hz #meditation",pendiente,,,,
OBRA-028-S4,OBRA-028,4,short-4.mp4,2029,1.08,28.8,breathe out what you carried today,Breathe out what you carried today · 417 Hz · Zen Temple,"Leave the day at the door.
Full piece (45 min): Music to Release Tension · Zen Temple · 417 Hz · Low Door · 45 Minutes

#stressrelief #relaxingmusic #calm #417hz #shorts","stress relief, relaxing music, 417 hz, zen temple, Rin",,417 Hz · soften,"Leave the day at the door. Full 45 min piece on YouTube: Rin.
#stressrelief #relaxingmusic #calm #417hz #meditation",pendiente,,,,
OBRA-028-S5,OBRA-028,5,short-5.mp4,2675,1.22,38.4,let the tension go with the sound,Let the tension go with the sound · 417 Hz · Zen Temple,"Send this to someone who needs to unwind.
Full piece (45 min): Music to Release Tension · Zen Temple · 417 Hz · Low Door · 45 Minutes

#stressrelief #relaxingmusic #calm #417hz #shorts","stress relief, relaxing music, 417 hz, zen temple, Rin",,417 Hz · rest,"Send this to someone who needs to unwind. Full 45 min piece on YouTube: Rin.
#stressrelief #relaxingmusic #calm #417hz #meditation",pendiente,,,,
OBRA-029-S1,OBRA-029,1,short-1.mp4,90,1.0,0,to let go of the day,To let go of the day · 639 Hz · Tropical Rainforest,"Save this for the end of the day.
Full piece (1 h): Music to Release Tension · Tropical Rainforest · 639 Hz · Open Field · 1 Hour

#stressrelief #relaxingmusic #calm #639hz #shorts","stress relief, relaxing music, 639 hz, tropical rainforest, Rin",,639 Hz · let go,"Save this for the end of the day. Full 1 h piece on YouTube: Rin.
#stressrelief #relaxingmusic #calm #639hz #meditation",pendiente,,,,
OBRA-029-S2,OBRA-029,2,short-2.mp4,961,1.15,9.6,drop your shoulders,Drop your shoulders · 639 Hz · Tropical Rainforest,"Drop your shoulders. Breathe out.
Full piece (1 h): Music to Release Tension · Tropical Rainforest · 639 Hz · Open Field · 1 Hour

#stressrelief #relaxingmusic #calm #639hz #shorts","stress relief, relaxing music, 639 hz, tropical rainforest, Rin",,639 Hz · unwind,"Drop your shoulders. Breathe out. Full 1 h piece on YouTube: Rin.
#stressrelief #relaxingmusic #calm #639hz #meditation",pendiente,,,,
OBRA-029-S3,OBRA-029,3,short-3.mp4,1832,1.3,19.2,unclench your jaw,Unclench your jaw · 639 Hz · Tropical Rainforest,"Let this one play twice.
Full piece (1 h): Music to Release Tension · Tropical Rainforest · 639 Hz · Open Field · 1 Hour

#stressrelief #relaxingmusic #calm #639hz #shorts","stress relief, relaxing music, 639 hz, tropical rainforest, Rin",,639 Hz · release,"Let this one play twice. Full 1 h piece on YouTube: Rin.
#stressrelief #relaxingmusic #calm #639hz #meditation",pendiente,,,,
OBRA-029-S4,OBRA-029,4,short-4.mp4,2704,1.08,28.8,breathe out what you carried today,Breathe out what you carried today · 639 Hz · Tropical Rainforest,"Leave the day at the door.
Full piece (1 h): Music to Release Tension · Tropical Rainforest · 639 Hz · Open Field · 1 Hour

#stressrelief #relaxingmusic #calm #639hz #shorts","stress relief, relaxing music, 639 hz, tropical rainforest, Rin",,639 Hz · soften,"Leave the day at the door. Full 1 h piece on YouTube: Rin.
#stressrelief #relaxingmusic #calm #639hz #meditation",pendiente,,,,
OBRA-029-S5,OBRA-029,5,short-5.mp4,3575,1.22,38.4,let the tension go with the sound,Let the tension go with the sound · 639 Hz · Tropical Rainforest,"Send this to someone who needs to unwind.
Full piece (1 h): Music to Release Tension · Tropical Rainforest · 639 Hz · Open Field · 1 Hour

#stressrelief #relaxingmusic #calm #639hz #shorts","stress relief, relaxing music, 639 hz, tropical rainforest, Rin",,639 Hz · rest,"Send this to someone who needs to unwind. Full 1 h piece on YouTube: Rin.
#stressrelief #relaxingmusic #calm #639hz #meditation",pendiente,,,,
OBRA-030-S1,OBRA-030,1,short-1.mp4,90,1.0,0,to let go of the day,To let go of the day · 741 Hz · Ocean and Birds,"Save this for the end of the day.
Full piece (45 min): Music to Release Tension · Ocean and Birds · 741 Hz · Thin Air · 45 Minutes

#stressrelief #relaxingmusic #calm #741hz #shorts","stress relief, relaxing music, 741 hz, ocean and birds, Rin",,741 Hz · let go,"Save this for the end of the day. Full 45 min piece on YouTube: Rin.
#stressrelief #relaxingmusic #calm #741hz #meditation",pendiente,,,,
OBRA-030-S2,OBRA-030,2,short-2.mp4,736,1.15,9.6,drop your shoulders,Drop your shoulders · 741 Hz · Ocean and Birds,"Drop your shoulders. Breathe out.
Full piece (45 min): Music to Release Tension · Ocean and Birds · 741 Hz · Thin Air · 45 Minutes

#stressrelief #relaxingmusic #calm #741hz #shorts","stress relief, relaxing music, 741 hz, ocean and birds, Rin",,741 Hz · unwind,"Drop your shoulders. Breathe out. Full 45 min piece on YouTube: Rin.
#stressrelief #relaxingmusic #calm #741hz #meditation",pendiente,,,,
OBRA-030-S3,OBRA-030,3,short-3.mp4,1382,1.3,19.2,unclench your jaw,Unclench your jaw · 741 Hz · Ocean and Birds,"Let this one play twice.
Full piece (45 min): Music to Release Tension · Ocean and Birds · 741 Hz · Thin Air · 45 Minutes

#stressrelief #relaxingmusic #calm #741hz #shorts","stress relief, relaxing music, 741 hz, ocean and birds, Rin",,741 Hz · release,"Let this one play twice. Full 45 min piece on YouTube: Rin.
#stressrelief #relaxingmusic #calm #741hz #meditation",pendiente,,,,
OBRA-030-S4,OBRA-030,4,short-4.mp4,2029,1.08,28.8,breathe out what you carried today,Breathe out what you carried today · 741 Hz · Ocean and Birds,"Leave the day at the door.
Full piece (45 min): Music to Release Tension · Ocean and Birds · 741 Hz · Thin Air · 45 Minutes

#stressrelief #relaxingmusic #calm #741hz #shorts","stress relief, relaxing music, 741 hz, ocean and birds, Rin",,741 Hz · soften,"Leave the day at the door. Full 45 min piece on YouTube: Rin.
#stressrelief #relaxingmusic #calm #741hz #meditation",pendiente,,,,
OBRA-030-S5,OBRA-030,5,short-5.mp4,2675,1.22,38.4,let the tension go with the sound,Let the tension go with the sound · 741 Hz · Ocean and Birds,"Send this to someone who needs to unwind.
Full piece (45 min): Music to Release Tension · Ocean and Birds · 741 Hz · Thin Air · 45 Minutes

#stressrelief #relaxingmusic #calm #741hz #shorts","stress relief, relaxing music, 741 hz, ocean and birds, Rin",,741 Hz · rest,"Send this to someone who needs to unwind. Full 45 min piece on YouTube: Rin.
#stressrelief #relaxingmusic #calm #741hz #meditation",pendiente,,,,
OBRA-031-S1,OBRA-031,1,short-1.mp4,90,1.0,0,to let go of the day,To let go of the day · 852 Hz · Zen Temple,"Save this for the end of the day.
Full piece (45 min): Music to Release Tension · Zen Temple · 852 Hz · Last Light · 45 Minutes

#stressrelief #relaxingmusic #calm #852hz #shorts","stress relief, relaxing music, 852 hz, zen temple, Rin",,852 Hz · let go,"Save this for the end of the day. Full 45 min piece on YouTube: Rin.
#stressrelief #relaxingmusic #calm #852hz #meditation",pendiente,,,,
OBRA-031-S2,OBRA-031,2,short-2.mp4,736,1.15,9.6,drop your shoulders,Drop your shoulders · 852 Hz · Zen Temple,"Drop your shoulders. Breathe out.
Full piece (45 min): Music to Release Tension · Zen Temple · 852 Hz · Last Light · 45 Minutes

#stressrelief #relaxingmusic #calm #852hz #shorts","stress relief, relaxing music, 852 hz, zen temple, Rin",,852 Hz · unwind,"Drop your shoulders. Breathe out. Full 45 min piece on YouTube: Rin.
#stressrelief #relaxingmusic #calm #852hz #meditation",pendiente,,,,
OBRA-031-S3,OBRA-031,3,short-3.mp4,1382,1.3,19.2,unclench your jaw,Unclench your jaw · 852 Hz · Zen Temple,"Let this one play twice.
Full piece (45 min): Music to Release Tension · Zen Temple · 852 Hz · Last Light · 45 Minutes

#stressrelief #relaxingmusic #calm #852hz #shorts","stress relief, relaxing music, 852 hz, zen temple, Rin",,852 Hz · release,"Let this one play twice. Full 45 min piece on YouTube: Rin.
#stressrelief #relaxingmusic #calm #852hz #meditation",pendiente,,,,
OBRA-031-S4,OBRA-031,4,short-4.mp4,2029,1.08,28.8,breathe out what you carried today,Breathe out what you carried today · 852 Hz · Zen Temple,"Leave the day at the door.
Full piece (45 min): Music to Release Tension · Zen Temple · 852 Hz · Last Light · 45 Minutes

#stressrelief #relaxingmusic #calm #852hz #shorts","stress relief, relaxing music, 852 hz, zen temple, Rin",,852 Hz · soften,"Leave the day at the door. Full 45 min piece on YouTube: Rin.
#stressrelief #relaxingmusic #calm #852hz #meditation",pendiente,,,,
OBRA-031-S5,OBRA-031,5,short-5.mp4,2675,1.22,38.4,let the tension go with the sound,Let the tension go with the sound · 852 Hz · Zen Temple,"Send this to someone who needs to unwind.
Full piece (45 min): Music to Release Tension · Zen Temple · 852 Hz · Last Light · 45 Minutes

#stressrelief #relaxingmusic #calm #852hz #shorts","stress relief, relaxing music, 852 hz, zen temple, Rin",,852 Hz · rest,"Send this to someone who needs to unwind. Full 45 min piece on YouTube: Rin.
#stressrelief #relaxingmusic #calm #852hz #meditation",pendiente,,,,
OBRA-032-S1,OBRA-032,1,short-1.mp4,90,1.0,0,to let go of the day,To let go of the day · 528 Hz · Ocean and Birds,"Save this for the end of the day.
Full piece (3 h): Music to Release Tension · Ocean and Birds · 528 Hz · Salt Root, Long · 3 Hours

#stressrelief #relaxingmusic #calm #528hz #shorts","stress relief, relaxing music, 528 hz, ocean and birds, Rin",,528 Hz · let go,"Save this for the end of the day. Full 3 h piece on YouTube: Rin.
#stressrelief #relaxingmusic #calm #528hz #meditation",pendiente,,,,
OBRA-032-S2,OBRA-032,2,short-2.mp4,2761,1.15,9.6,drop your shoulders,Drop your shoulders · 528 Hz · Ocean and Birds,"Drop your shoulders. Breathe out.
Full piece (3 h): Music to Release Tension · Ocean and Birds · 528 Hz · Salt Root, Long · 3 Hours

#stressrelief #relaxingmusic #calm #528hz #shorts","stress relief, relaxing music, 528 hz, ocean and birds, Rin",,528 Hz · unwind,"Drop your shoulders. Breathe out. Full 3 h piece on YouTube: Rin.
#stressrelief #relaxingmusic #calm #528hz #meditation",pendiente,,,,
OBRA-032-S3,OBRA-032,3,short-3.mp4,5432,1.3,19.2,unclench your jaw,Unclench your jaw · 528 Hz · Ocean and Birds,"Let this one play twice.
Full piece (3 h): Music to Release Tension · Ocean and Birds · 528 Hz · Salt Root, Long · 3 Hours

#stressrelief #relaxingmusic #calm #528hz #shorts","stress relief, relaxing music, 528 hz, ocean and birds, Rin",,528 Hz · release,"Let this one play twice. Full 3 h piece on YouTube: Rin.
#stressrelief #relaxingmusic #calm #528hz #meditation",pendiente,,,,
OBRA-032-S4,OBRA-032,4,short-4.mp4,8104,1.08,28.8,breathe out what you carried today,Breathe out what you carried today · 528 Hz · Ocean and Birds,"Leave the day at the door.
Full piece (3 h): Music to Release Tension · Ocean and Birds · 528 Hz · Salt Root, Long · 3 Hours

#stressrelief #relaxingmusic #calm #528hz #shorts","stress relief, relaxing music, 528 hz, ocean and birds, Rin",,528 Hz · soften,"Leave the day at the door. Full 3 h piece on YouTube: Rin.
#stressrelief #relaxingmusic #calm #528hz #meditation",pendiente,,,,
OBRA-032-S5,OBRA-032,5,short-5.mp4,10775,1.22,38.4,let the tension go with the sound,Let the tension go with the sound · 528 Hz · Ocean and Birds,"Send this to someone who needs to unwind.
Full piece (3 h): Music to Release Tension · Ocean and Birds · 528 Hz · Salt Root, Long · 3 Hours

#stressrelief #relaxingmusic #calm #528hz #shorts","stress relief, relaxing music, 528 hz, ocean and birds, Rin",,528 Hz · rest,"Send this to someone who needs to unwind. Full 3 h piece on YouTube: Rin.
#stressrelief #relaxingmusic #calm #528hz #meditation",pendiente,,,,
OBRA-033-S1,OBRA-033,1,short-1.mp4,90,1.0,0,for deep focus,For deep focus · 639 Hz · Tropical Rainforest,"Save this for your next work session.
Full piece (2 h): Focus Music · Tropical Rainforest · 639 Hz · Clean Desk · 2 Hours

#focusmusic #studymusic #deepwork #639hz #shorts","focus music, study music, 639 hz, tropical rainforest, Rin",,639 Hz · focus,"Save this for your next work session. Full 2 h piece on YouTube: Rin.
#focusmusic #studymusic #deepwork #639hz #meditation",pendiente,,,,
OBRA-033-S2,OBRA-033,2,short-2.mp4,1861,1.15,9.6,"one task, nothing else","One task, nothing else · 639 Hz · Tropical Rainforest","Start the task now.
Full piece (2 h): Focus Music · Tropical Rainforest · 639 Hz · Clean Desk · 2 Hours

#focusmusic #studymusic #deepwork #639hz #shorts","focus music, study music, 639 hz, tropical rainforest, Rin",,639 Hz · deep work,"Start the task now. Full 2 h piece on YouTube: Rin.
#focusmusic #studymusic #deepwork #639hz #meditation",pendiente,,,,
OBRA-033-S3,OBRA-033,3,short-3.mp4,3632,1.3,19.2,put it on and start,Put it on and start · 639 Hz · Tropical Rainforest,"Play it, then begin.
Full piece (2 h): Focus Music · Tropical Rainforest · 639 Hz · Clean Desk · 2 Hours

#focusmusic #studymusic #deepwork #639hz #shorts","focus music, study music, 639 hz, tropical rainforest, Rin",,639 Hz · study,"Play it, then begin. Full 2 h piece on YouTube: Rin.
#focusmusic #studymusic #deepwork #639hz #meditation",pendiente,,,,
OBRA-033-S4,OBRA-033,4,short-4.mp4,5404,1.08,28.8,quiet sound for deep work,Quiet sound for deep work · 639 Hz · Tropical Rainforest,"Quiet sound for deep work.
Full piece (2 h): Focus Music · Tropical Rainforest · 639 Hz · Clean Desk · 2 Hours

#focusmusic #studymusic #deepwork #639hz #shorts","focus music, study music, 639 hz, tropical rainforest, Rin",,639 Hz · flow,"Quiet sound for deep work. Full 2 h piece on YouTube: Rin.
#focusmusic #studymusic #deepwork #639hz #meditation",pendiente,,,,
OBRA-033-S5,OBRA-033,5,short-5.mp4,7175,1.22,38.4,stay with it a little longer,Stay with it a little longer · 639 Hz · Tropical Rainforest,"Send this to someone studying tonight.
Full piece (2 h): Focus Music · Tropical Rainforest · 639 Hz · Clean Desk · 2 Hours

#focusmusic #studymusic #deepwork #639hz #shorts","focus music, study music, 639 hz, tropical rainforest, Rin",,639 Hz · one task,"Send this to someone studying tonight. Full 2 h piece on YouTube: Rin.
#focusmusic #studymusic #deepwork #639hz #meditation",pendiente,,,,
OBRA-034-S1,OBRA-034,1,short-1.mp4,90,1.0,0,for deep focus,For deep focus · 528 Hz · Ocean and Birds,"Save this for your next work session.
Full piece (3 h): Focus Music · Ocean and Birds · 528 Hz · Deep Work · 3 Hours

#focusmusic #studymusic #deepwork #528hz #shorts","focus music, study music, 528 hz, ocean and birds, Rin",,528 Hz · focus,"Save this for your next work session. Full 3 h piece on YouTube: Rin.
#focusmusic #studymusic #deepwork #528hz #meditation",pendiente,,,,
OBRA-034-S2,OBRA-034,2,short-2.mp4,2761,1.15,9.6,"one task, nothing else","One task, nothing else · 528 Hz · Ocean and Birds","Start the task now.
Full piece (3 h): Focus Music · Ocean and Birds · 528 Hz · Deep Work · 3 Hours

#focusmusic #studymusic #deepwork #528hz #shorts","focus music, study music, 528 hz, ocean and birds, Rin",,528 Hz · deep work,"Start the task now. Full 3 h piece on YouTube: Rin.
#focusmusic #studymusic #deepwork #528hz #meditation",pendiente,,,,
OBRA-034-S3,OBRA-034,3,short-3.mp4,5432,1.3,19.2,put it on and start,Put it on and start · 528 Hz · Ocean and Birds,"Play it, then begin.
Full piece (3 h): Focus Music · Ocean and Birds · 528 Hz · Deep Work · 3 Hours

#focusmusic #studymusic #deepwork #528hz #shorts","focus music, study music, 528 hz, ocean and birds, Rin",,528 Hz · study,"Play it, then begin. Full 3 h piece on YouTube: Rin.
#focusmusic #studymusic #deepwork #528hz #meditation",pendiente,,,,
OBRA-034-S4,OBRA-034,4,short-4.mp4,8104,1.08,28.8,quiet sound for deep work,Quiet sound for deep work · 528 Hz · Ocean and Birds,"Quiet sound for deep work.
Full piece (3 h): Focus Music · Ocean and Birds · 528 Hz · Deep Work · 3 Hours

#focusmusic #studymusic #deepwork #528hz #shorts","focus music, study music, 528 hz, ocean and birds, Rin",,528 Hz · flow,"Quiet sound for deep work. Full 3 h piece on YouTube: Rin.
#focusmusic #studymusic #deepwork #528hz #meditation",pendiente,,,,
OBRA-034-S5,OBRA-034,5,short-5.mp4,10775,1.22,38.4,stay with it a little longer,Stay with it a little longer · 528 Hz · Ocean and Birds,"Send this to someone studying tonight.
Full piece (3 h): Focus Music · Ocean and Birds · 528 Hz · Deep Work · 3 Hours

#focusmusic #studymusic #deepwork #528hz #shorts","focus music, study music, 528 hz, ocean and birds, Rin",,528 Hz · one task,"Send this to someone studying tonight. Full 3 h piece on YouTube: Rin.
#focusmusic #studymusic #deepwork #528hz #meditation",pendiente,,,,
OBRA-035-S1,OBRA-035,1,short-1.mp4,90,1.0,0,for deep focus,For deep focus · 741 Hz · Tropical Rainforest,"Save this for your next work session.
Full piece (2 h): Focus Music · Tropical Rainforest · 741 Hz · No Interruptions · 2 Hours

#focusmusic #studymusic #deepwork #741hz #shorts","focus music, study music, 741 hz, tropical rainforest, Rin",,741 Hz · focus,"Save this for your next work session. Full 2 h piece on YouTube: Rin.
#focusmusic #studymusic #deepwork #741hz #meditation",pendiente,,,,
OBRA-035-S2,OBRA-035,2,short-2.mp4,1861,1.15,9.6,"one task, nothing else","One task, nothing else · 741 Hz · Tropical Rainforest","Start the task now.
Full piece (2 h): Focus Music · Tropical Rainforest · 741 Hz · No Interruptions · 2 Hours

#focusmusic #studymusic #deepwork #741hz #shorts","focus music, study music, 741 hz, tropical rainforest, Rin",,741 Hz · deep work,"Start the task now. Full 2 h piece on YouTube: Rin.
#focusmusic #studymusic #deepwork #741hz #meditation",pendiente,,,,
OBRA-035-S3,OBRA-035,3,short-3.mp4,3632,1.3,19.2,put it on and start,Put it on and start · 741 Hz · Tropical Rainforest,"Play it, then begin.
Full piece (2 h): Focus Music · Tropical Rainforest · 741 Hz · No Interruptions · 2 Hours

#focusmusic #studymusic #deepwork #741hz #shorts","focus music, study music, 741 hz, tropical rainforest, Rin",,741 Hz · study,"Play it, then begin. Full 2 h piece on YouTube: Rin.
#focusmusic #studymusic #deepwork #741hz #meditation",pendiente,,,,
OBRA-035-S4,OBRA-035,4,short-4.mp4,5404,1.08,28.8,quiet sound for deep work,Quiet sound for deep work · 741 Hz · Tropical Rainforest,"Quiet sound for deep work.
Full piece (2 h): Focus Music · Tropical Rainforest · 741 Hz · No Interruptions · 2 Hours

#focusmusic #studymusic #deepwork #741hz #shorts","focus music, study music, 741 hz, tropical rainforest, Rin",,741 Hz · flow,"Quiet sound for deep work. Full 2 h piece on YouTube: Rin.
#focusmusic #studymusic #deepwork #741hz #meditation",pendiente,,,,
OBRA-035-S5,OBRA-035,5,short-5.mp4,7175,1.22,38.4,stay with it a little longer,Stay with it a little longer · 741 Hz · Tropical Rainforest,"Send this to someone studying tonight.
Full piece (2 h): Focus Music · Tropical Rainforest · 741 Hz · No Interruptions · 2 Hours

#focusmusic #studymusic #deepwork #741hz #shorts","focus music, study music, 741 hz, tropical rainforest, Rin",,741 Hz · one task,"Send this to someone studying tonight. Full 2 h piece on YouTube: Rin.
#focusmusic #studymusic #deepwork #741hz #meditation",pendiente,,,,
OBRA-036-S1,OBRA-036,1,short-1.mp4,90,1.0,0,for deep focus,For deep focus · 852 Hz · Ocean and Birds,"Save this for your next work session.
Full piece (90 min): Focus Music · Ocean and Birds · 852 Hz · Morning Light · 90 Minutes

#focusmusic #studymusic #deepwork #852hz #shorts","focus music, study music, 852 hz, ocean and birds, Rin",,852 Hz · focus,"Save this for your next work session. Full 90 min piece on YouTube: Rin.
#focusmusic #studymusic #deepwork #852hz #meditation",pendiente,,,,
OBRA-036-S2,OBRA-036,2,short-2.mp4,1411,1.15,9.6,"one task, nothing else","One task, nothing else · 852 Hz · Ocean and Birds","Start the task now.
Full piece (90 min): Focus Music · Ocean and Birds · 852 Hz · Morning Light · 90 Minutes

#focusmusic #studymusic #deepwork #852hz #shorts","focus music, study music, 852 hz, ocean and birds, Rin",,852 Hz · deep work,"Start the task now. Full 90 min piece on YouTube: Rin.
#focusmusic #studymusic #deepwork #852hz #meditation",pendiente,,,,
OBRA-036-S3,OBRA-036,3,short-3.mp4,2732,1.3,19.2,put it on and start,Put it on and start · 852 Hz · Ocean and Birds,"Play it, then begin.
Full piece (90 min): Focus Music · Ocean and Birds · 852 Hz · Morning Light · 90 Minutes

#focusmusic #studymusic #deepwork #852hz #shorts","focus music, study music, 852 hz, ocean and birds, Rin",,852 Hz · study,"Play it, then begin. Full 90 min piece on YouTube: Rin.
#focusmusic #studymusic #deepwork #852hz #meditation",pendiente,,,,
OBRA-036-S4,OBRA-036,4,short-4.mp4,4054,1.08,28.8,quiet sound for deep work,Quiet sound for deep work · 852 Hz · Ocean and Birds,"Quiet sound for deep work.
Full piece (90 min): Focus Music · Ocean and Birds · 852 Hz · Morning Light · 90 Minutes

#focusmusic #studymusic #deepwork #852hz #shorts","focus music, study music, 852 hz, ocean and birds, Rin",,852 Hz · flow,"Quiet sound for deep work. Full 90 min piece on YouTube: Rin.
#focusmusic #studymusic #deepwork #852hz #meditation",pendiente,,,,
OBRA-036-S5,OBRA-036,5,short-5.mp4,5375,1.22,38.4,stay with it a little longer,Stay with it a little longer · 852 Hz · Ocean and Birds,"Send this to someone studying tonight.
Full piece (90 min): Focus Music · Ocean and Birds · 852 Hz · Morning Light · 90 Minutes

#focusmusic #studymusic #deepwork #852hz #shorts","focus music, study music, 852 hz, ocean and birds, Rin",,852 Hz · one task,"Send this to someone studying tonight. Full 90 min piece on YouTube: Rin.
#focusmusic #studymusic #deepwork #852hz #meditation",pendiente,,,,
OBRA-037-S1,OBRA-037,1,short-1.mp4,90,1.0,0,for deep focus,For deep focus · 432 Hz · Tropical Rainforest,"Save this for your next work session.
Full piece (2 h): Focus Music · Tropical Rainforest · 432 Hz · Slow Work · 2 Hours

#focusmusic #studymusic #deepwork #432hz #shorts","focus music, study music, 432 hz, tropical rainforest, Rin",,432 Hz · focus,"Save this for your next work session. Full 2 h piece on YouTube: Rin.
#focusmusic #studymusic #deepwork #432hz #meditation",pendiente,,,,
OBRA-037-S2,OBRA-037,2,short-2.mp4,1861,1.15,9.6,"one task, nothing else","One task, nothing else · 432 Hz · Tropical Rainforest","Start the task now.
Full piece (2 h): Focus Music · Tropical Rainforest · 432 Hz · Slow Work · 2 Hours

#focusmusic #studymusic #deepwork #432hz #shorts","focus music, study music, 432 hz, tropical rainforest, Rin",,432 Hz · deep work,"Start the task now. Full 2 h piece on YouTube: Rin.
#focusmusic #studymusic #deepwork #432hz #meditation",pendiente,,,,
OBRA-037-S3,OBRA-037,3,short-3.mp4,3632,1.3,19.2,put it on and start,Put it on and start · 432 Hz · Tropical Rainforest,"Play it, then begin.
Full piece (2 h): Focus Music · Tropical Rainforest · 432 Hz · Slow Work · 2 Hours

#focusmusic #studymusic #deepwork #432hz #shorts","focus music, study music, 432 hz, tropical rainforest, Rin",,432 Hz · study,"Play it, then begin. Full 2 h piece on YouTube: Rin.
#focusmusic #studymusic #deepwork #432hz #meditation",pendiente,,,,
OBRA-037-S4,OBRA-037,4,short-4.mp4,5404,1.08,28.8,quiet sound for deep work,Quiet sound for deep work · 432 Hz · Tropical Rainforest,"Quiet sound for deep work.
Full piece (2 h): Focus Music · Tropical Rainforest · 432 Hz · Slow Work · 2 Hours

#focusmusic #studymusic #deepwork #432hz #shorts","focus music, study music, 432 hz, tropical rainforest, Rin",,432 Hz · flow,"Quiet sound for deep work. Full 2 h piece on YouTube: Rin.
#focusmusic #studymusic #deepwork #432hz #meditation",pendiente,,,,
OBRA-037-S5,OBRA-037,5,short-5.mp4,7175,1.22,38.4,stay with it a little longer,Stay with it a little longer · 432 Hz · Tropical Rainforest,"Send this to someone studying tonight.
Full piece (2 h): Focus Music · Tropical Rainforest · 432 Hz · Slow Work · 2 Hours

#focusmusic #studymusic #deepwork #432hz #shorts","focus music, study music, 432 hz, tropical rainforest, Rin",,432 Hz · one task,"Send this to someone studying tonight. Full 2 h piece on YouTube: Rin.
#focusmusic #studymusic #deepwork #432hz #meditation",pendiente,,,,
OBRA-038-S1,OBRA-038,1,short-1.mp4,90,1.0,0,for deep focus,For deep focus · 528 Hz · Ocean Waves,"Save this for your next work session.
Full piece (2 h): Focus Music · Ocean Waves · 528 Hz · One Thing · 2 Hours

#focusmusic #studymusic #deepwork #528hz #shorts","focus music, study music, 528 hz, ocean waves, Rin",,528 Hz · focus,"Save this for your next work session. Full 2 h piece on YouTube: Rin.
#focusmusic #studymusic #deepwork #528hz #meditation",pendiente,,,,
OBRA-038-S2,OBRA-038,2,short-2.mp4,1861,1.15,9.6,"one task, nothing else","One task, nothing else · 528 Hz · Ocean Waves","Start the task now.
Full piece (2 h): Focus Music · Ocean Waves · 528 Hz · One Thing · 2 Hours

#focusmusic #studymusic #deepwork #528hz #shorts","focus music, study music, 528 hz, ocean waves, Rin",,528 Hz · deep work,"Start the task now. Full 2 h piece on YouTube: Rin.
#focusmusic #studymusic #deepwork #528hz #meditation",pendiente,,,,
OBRA-038-S3,OBRA-038,3,short-3.mp4,3632,1.3,19.2,put it on and start,Put it on and start · 528 Hz · Ocean Waves,"Play it, then begin.
Full piece (2 h): Focus Music · Ocean Waves · 528 Hz · One Thing · 2 Hours

#focusmusic #studymusic #deepwork #528hz #shorts","focus music, study music, 528 hz, ocean waves, Rin",,528 Hz · study,"Play it, then begin. Full 2 h piece on YouTube: Rin.
#focusmusic #studymusic #deepwork #528hz #meditation",pendiente,,,,
OBRA-038-S4,OBRA-038,4,short-4.mp4,5404,1.08,28.8,quiet sound for deep work,Quiet sound for deep work · 528 Hz · Ocean Waves,"Quiet sound for deep work.
Full piece (2 h): Focus Music · Ocean Waves · 528 Hz · One Thing · 2 Hours

#focusmusic #studymusic #deepwork #528hz #shorts","focus music, study music, 528 hz, ocean waves, Rin",,528 Hz · flow,"Quiet sound for deep work. Full 2 h piece on YouTube: Rin.
#focusmusic #studymusic #deepwork #528hz #meditation",pendiente,,,,
OBRA-038-S5,OBRA-038,5,short-5.mp4,7175,1.22,38.4,stay with it a little longer,Stay with it a little longer · 528 Hz · Ocean Waves,"Send this to someone studying tonight.
Full piece (2 h): Focus Music · Ocean Waves · 528 Hz · One Thing · 2 Hours

#focusmusic #studymusic #deepwork #528hz #shorts","focus music, study music, 528 hz, ocean waves, Rin",,528 Hz · one task,"Send this to someone studying tonight. Full 2 h piece on YouTube: Rin.
#focusmusic #studymusic #deepwork #528hz #meditation",pendiente,,,,
OBRA-039-S1,OBRA-039,1,short-1.mp4,90,1.0,0,for deep focus,For deep focus · 639 Hz · Tropical Rainforest,"Save this for your next work session.
Full piece (90 min): Focus Music · Tropical Rainforest · 639 Hz · Open Window · 90 Minutes

#focusmusic #studymusic #deepwork #639hz #shorts","focus music, study music, 639 hz, tropical rainforest, Rin",,639 Hz · focus,"Save this for your next work session. Full 90 min piece on YouTube: Rin.
#focusmusic #studymusic #deepwork #639hz #meditation",pendiente,,,,
OBRA-039-S2,OBRA-039,2,short-2.mp4,1411,1.15,9.6,"one task, nothing else","One task, nothing else · 639 Hz · Tropical Rainforest","Start the task now.
Full piece (90 min): Focus Music · Tropical Rainforest · 639 Hz · Open Window · 90 Minutes

#focusmusic #studymusic #deepwork #639hz #shorts","focus music, study music, 639 hz, tropical rainforest, Rin",,639 Hz · deep work,"Start the task now. Full 90 min piece on YouTube: Rin.
#focusmusic #studymusic #deepwork #639hz #meditation",pendiente,,,,
OBRA-039-S3,OBRA-039,3,short-3.mp4,2732,1.3,19.2,put it on and start,Put it on and start · 639 Hz · Tropical Rainforest,"Play it, then begin.
Full piece (90 min): Focus Music · Tropical Rainforest · 639 Hz · Open Window · 90 Minutes

#focusmusic #studymusic #deepwork #639hz #shorts","focus music, study music, 639 hz, tropical rainforest, Rin",,639 Hz · study,"Play it, then begin. Full 90 min piece on YouTube: Rin.
#focusmusic #studymusic #deepwork #639hz #meditation",pendiente,,,,
OBRA-039-S4,OBRA-039,4,short-4.mp4,4054,1.08,28.8,quiet sound for deep work,Quiet sound for deep work · 639 Hz · Tropical Rainforest,"Quiet sound for deep work.
Full piece (90 min): Focus Music · Tropical Rainforest · 639 Hz · Open Window · 90 Minutes

#focusmusic #studymusic #deepwork #639hz #shorts","focus music, study music, 639 hz, tropical rainforest, Rin",,639 Hz · flow,"Quiet sound for deep work. Full 90 min piece on YouTube: Rin.
#focusmusic #studymusic #deepwork #639hz #meditation",pendiente,,,,
OBRA-039-S5,OBRA-039,5,short-5.mp4,5375,1.22,38.4,stay with it a little longer,Stay with it a little longer · 639 Hz · Tropical Rainforest,"Send this to someone studying tonight.
Full piece (90 min): Focus Music · Tropical Rainforest · 639 Hz · Open Window · 90 Minutes

#focusmusic #studymusic #deepwork #639hz #shorts","focus music, study music, 639 hz, tropical rainforest, Rin",,639 Hz · one task,"Send this to someone studying tonight. Full 90 min piece on YouTube: Rin.
#focusmusic #studymusic #deepwork #639hz #meditation",pendiente,,,,
OBRA-040-S1,OBRA-040,1,short-1.mp4,90,1.0,0,for deep focus,For deep focus · 741 Hz · Ocean and Birds,"Save this for your next work session.
Full piece (3 h): Focus Music · Ocean and Birds · 741 Hz · Until It's Done · 3 Hours

#focusmusic #studymusic #deepwork #741hz #shorts","focus music, study music, 741 hz, ocean and birds, Rin",,741 Hz · focus,"Save this for your next work session. Full 3 h piece on YouTube: Rin.
#focusmusic #studymusic #deepwork #741hz #meditation",pendiente,,,,
OBRA-040-S2,OBRA-040,2,short-2.mp4,2761,1.15,9.6,"one task, nothing else","One task, nothing else · 741 Hz · Ocean and Birds","Start the task now.
Full piece (3 h): Focus Music · Ocean and Birds · 741 Hz · Until It's Done · 3 Hours

#focusmusic #studymusic #deepwork #741hz #shorts","focus music, study music, 741 hz, ocean and birds, Rin",,741 Hz · deep work,"Start the task now. Full 3 h piece on YouTube: Rin.
#focusmusic #studymusic #deepwork #741hz #meditation",pendiente,,,,
OBRA-040-S3,OBRA-040,3,short-3.mp4,5432,1.3,19.2,put it on and start,Put it on and start · 741 Hz · Ocean and Birds,"Play it, then begin.
Full piece (3 h): Focus Music · Ocean and Birds · 741 Hz · Until It's Done · 3 Hours

#focusmusic #studymusic #deepwork #741hz #shorts","focus music, study music, 741 hz, ocean and birds, Rin",,741 Hz · study,"Play it, then begin. Full 3 h piece on YouTube: Rin.
#focusmusic #studymusic #deepwork #741hz #meditation",pendiente,,,,
OBRA-040-S4,OBRA-040,4,short-4.mp4,8104,1.08,28.8,quiet sound for deep work,Quiet sound for deep work · 741 Hz · Ocean and Birds,"Quiet sound for deep work.
Full piece (3 h): Focus Music · Ocean and Birds · 741 Hz · Until It's Done · 3 Hours

#focusmusic #studymusic #deepwork #741hz #shorts","focus music, study music, 741 hz, ocean and birds, Rin",,741 Hz · flow,"Quiet sound for deep work. Full 3 h piece on YouTube: Rin.
#focusmusic #studymusic #deepwork #741hz #meditation",pendiente,,,,
OBRA-040-S5,OBRA-040,5,short-5.mp4,10775,1.22,38.4,stay with it a little longer,Stay with it a little longer · 741 Hz · Ocean and Birds,"Send this to someone studying tonight.
Full piece (3 h): Focus Music · Ocean and Birds · 741 Hz · Until It's Done · 3 Hours

#focusmusic #studymusic #deepwork #741hz #shorts","focus music, study music, 741 hz, ocean and birds, Rin",,741 Hz · one task,"Send this to someone studying tonight. Full 3 h piece on YouTube: Rin.
#focusmusic #studymusic #deepwork #741hz #meditation",pendiente,,,,
